from, to
DB00001,DB06605
DB00001,DB06695
DB00001,DB01254
DB00001,DB01609
DB00001,DB01586
DB00001,DB02123
DB00001,DB02659
DB00001,DB02691
DB00001,DB03619
DB00001,DB04348
DB00001,DB05990
DB00001,DB06777
DB00001,DB08833
DB00001,DB08834
DB00001,DB08857
DB00001,DB11622
DB00001,DB11789
DB00001,DB09075
DB00001,DB09053
DB00001,DB08935
DB00001,DB06228
DB00001,DB06206
DB00001,DB09070
DB00001,DB00932
DB00001,DB00013
DB00001,DB00163
DB00001,DB09030
DB00001,DB01381
DB00001,DB01181
DB00001,DB00468
DB00001,DB00908
DB00001,DB00675
DB00001,DB00539
DB00001,DB00806
DB00001,DB00686
DB00001,DB00583
DB00001,DB00255
DB00001,DB00269
DB00001,DB00286
DB00001,DB01357
DB00001,DB04574
DB00001,DB04575
DB00001,DB07931
DB00001,DB09317
DB00001,DB09318
DB00001,DB09369
DB00001,DB09381
DB00001,DB11478
DB00001,DB11674
DB00001,DB13143
DB00001,DB13386
DB00001,DB13418
DB00001,DB13952
DB00001,DB13953
DB00001,DB13954
DB00001,DB13956
DB00001,DB15334
DB00001,DB15335
DB00001,DB04573
DB00001,DB09211
DB00001,DB00159
DB00001,DB00244
DB00001,DB00328
DB00001,DB00461
DB00001,DB00465
DB00001,DB00469
DB00001,DB00482
DB00001,DB00500
DB00001,DB00533
DB00001,DB00554
DB00001,DB00573
DB00001,DB00580
DB00001,DB00586
DB00001,DB00605
DB00001,DB00712
DB00001,DB00749
DB00001,DB00784
DB00001,DB00788
DB00001,DB00795
DB00001,DB00812
DB00001,DB00814
DB00001,DB00821
DB00001,DB00861
DB00001,DB00936
DB00001,DB00939
DB00001,DB00991
DB00001,DB01009
DB00001,DB01014
DB00001,DB01250
DB00001,DB01283
DB00001,DB01397
DB00001,DB01399
DB00001,DB01401
DB00001,DB01419
DB00001,DB01424
DB00001,DB01435
DB00001,DB01600
DB00001,DB01628
DB00001,DB02224
DB00001,DB03585
DB00001,DB04725
DB00001,DB04812
DB00001,DB04817
DB00001,DB04828
DB00001,DB05095
DB00001,DB06725
DB00001,DB06736
DB00001,DB06737
DB00001,DB07402
DB00001,DB08439
DB00001,DB08797
DB00001,DB08940
DB00001,DB08942
DB00001,DB08951
DB00001,DB08955
DB00001,DB08976
DB00001,DB08981
DB00001,DB08984
DB00001,DB08991
DB00001,DB09084
DB00001,DB09214
DB00001,DB09215
DB00001,DB09216
DB00001,DB09217
DB00001,DB09218
DB00001,DB09285
DB00001,DB09288
DB00001,DB09295
DB00001,DB11455
DB00001,DB11466
DB00001,DB11518
DB00001,DB12399
DB00001,DB12610
DB00001,DB13001
DB00001,DB13167
DB00001,DB13217
DB00001,DB13232
DB00001,DB13286
DB00001,DB13314
DB00001,DB13371
DB00001,DB13407
DB00001,DB13432
DB00001,DB13481
DB00001,DB13524
DB00001,DB13527
DB00001,DB13538
DB00001,DB13544
DB00001,DB13612
DB00001,DB13629
DB00001,DB13649
DB00001,DB13657
DB00001,DB13722
DB00001,DB13860
DB00001,DB14059
DB00001,DB14060
DB00001,DB14938
DB00001,DB09212
DB00001,DB04552
DB00001,DB04865
DB00001,DB11133
DB00001,DB00081
DB00001,DB00048
DB00001,DB00389
DB00001,DB00550
DB00001,DB00763
DB00001,DB03374
DB00001,DB06715
DB00001,DB07637
DB00001,DB09418
DB00001,DB13644
DB00001,DB13804
DB00001,DB04066
DB00001,DB04682
DB00001,DB05830
DB00001,DB06266
DB00001,DB08867
DB00001,DB11507
DB00001,DB12025
DB00001,DB13044
DB00001,DB00294
DB00001,DB00378
DB00001,DB00396
DB00001,DB01431
DB00001,DB06713
DB00001,DB06789
DB00001,DB09124
DB00001,DB11372
DB00001,DB11636
DB00001,DB13230
DB00001,DB13533
DB00001,DB13602
DB00001,DB13866
DB00001,DB14570
DB00001,DB14679
DB00001,DB00233
DB00001,DB01294
DB00001,DB06251
DB00001,DB06807
DB00001,DB09543
DB00001,DB11079
DB00001,DB13509
DB00001,DB14006
DB00001,DB14026
DB00001,DB00054
DB00001,DB00063
DB00001,DB00208
DB00001,DB00261
DB00001,DB00758
DB00001,DB00775
DB00001,DB00975
DB00001,DB01088
DB00001,DB01138
DB00001,DB01166
DB00001,DB01207
DB00001,DB01236
DB00001,DB01240
DB00001,DB02709
DB00001,DB04743
DB00001,DB04905
DB00001,DB04932
DB00001,DB05229
DB00001,DB05266
DB00001,DB05767
DB00001,DB06081
DB00001,DB06209
DB00001,DB06441
DB00001,DB07615
DB00001,DB08814
DB00001,DB08816
DB00001,DB08887
DB00001,DB09283
DB00001,DB12092
DB00001,DB12163
DB00001,DB12321
DB00001,DB12445
DB00001,DB12465
DB00001,DB12545
DB00001,DB12749
DB00001,DB12771
DB00001,DB13036
DB00001,DB13327
DB00001,DB13367
DB00001,DB13400
DB00001,DB13510
DB00001,DB13929
DB00001,DB15786
DB00001,DB00374
DB00001,DB03404
DB00001,DB13783
DB00001,DB00624
DB00001,DB01420
DB00001,DB01481
DB00001,DB01485
DB00001,DB01510
DB00001,DB01541
DB00001,DB01543
DB00001,DB01564
DB00001,DB01569
DB00001,DB01572
DB00001,DB07447
DB00001,DB08619
DB00001,DB11429
DB00001,DB13943
DB00001,DB13944
DB00001,DB13946
DB00001,DB13947
DB00001,DB13951
DB00001,DB13958
DB00001,DB14093
DB00001,DB14655
DB00001,DB02901
DB00001,DB11051
DB00001,DB09568
DB00001,DB00025
DB00001,DB00036
DB00001,DB00100
DB00001,DB00258
DB00001,DB01164
DB00001,DB01373
DB00001,DB01783
DB00001,DB01942
DB00001,DB02261
DB00001,DB06724
DB00001,DB09109
DB00001,DB09222
DB00001,DB09310
DB00001,DB09329
DB00001,DB11093
DB00001,DB11126
DB00001,DB11168
DB00001,DB11311
DB00001,DB11330
DB00001,DB11348
DB00001,DB11606
DB00001,DB11608
DB00001,DB11668
DB00001,DB12409
DB00001,DB12909
DB00001,DB13133
DB00001,DB13148
DB00001,DB13150
DB00001,DB13151
DB00001,DB13152
DB00001,DB13192
DB00001,DB13197
DB00001,DB13201
DB00001,DB13884
DB00001,DB13923
DB00001,DB13933
DB00001,DB13999
DB00001,DB14473
DB00001,DB14562
DB00001,DB14577
DB00001,DB14700
DB00001,DB14738
DB00001,DB00176
DB00001,DB00215
DB00001,DB00472
DB00001,DB00715
DB00001,DB01149
DB00001,DB04832
DB00001,DB04884
DB00001,DB06731
DB00001,DB08953
DB00001,DB12693
DB00001,DB13233
DB00001,DB00476
DB00001,DB01105
DB00001,DB04896
DB00001,DB06700
DB00001,DB08918
DB00001,DB00285
DB00001,DB00601
DB00001,DB00614
DB00001,DB00721
DB00001,DB00752
DB00001,DB00780
DB00001,DB00805
DB00001,DB01037
DB00001,DB01168
DB00001,DB01171
DB00001,DB01247
DB00001,DB01367
DB00001,DB01626
DB00001,DB04017
DB00001,DB04818
DB00001,DB04820
DB00001,DB06654
DB00001,DB08550
DB00001,DB09241
DB00001,DB09243
DB00001,DB09244
DB00001,DB09245
DB00001,DB09246
DB00001,DB09248
DB00001,DB09249
DB00001,DB09250
DB00001,DB09251
DB00001,DB09252
DB00001,DB09253
DB00001,DB09254
DB00001,DB13875
DB00001,DB13876
DB00001,DB00006
DB00001,DB00266
DB00001,DB00278
DB00001,DB00407
DB00001,DB00498
DB00001,DB00569
DB00001,DB00682
DB00001,DB00946
DB00001,DB00974
DB00001,DB01109
DB00001,DB01225
DB00001,DB01418
DB00001,DB04898
DB00001,DB05099
DB00001,DB06271
DB00001,DB06406
DB00001,DB06635
DB00001,DB06754
DB00001,DB06779
DB00001,DB07767
DB00001,DB08794
DB00001,DB08813
DB00001,DB09255
DB00001,DB11095
DB00001,DB11268
DB00001,DB11312
DB00001,DB11598
DB00001,DB11984
DB00001,DB12289
DB00001,DB12598
DB00001,DB12831
DB00001,DB13124
DB00001,DB13136
DB00001,DB13149
DB00001,DB13616
DB00001,DB09125
DB00001,DB09154
DB00001,DB00031
DB00001,DB00055
DB00001,DB06822
DB00001,DB13199
DB00001,DB13646
DB00001,DB00086
DB00001,DB04925
DB00001,DB05254
DB00001,DB06543
DB00001,DB08994
DB00001,DB09258
DB00001,DB09260
DB00001,DB13275
DB00001,DB13347
DB00001,DB13451
DB00001,DB00009
DB00001,DB00015
DB00001,DB00029
DB00001,DB14094
DB00001,DB06679
DB00001,DB03410
DB00001,DB08496
DB00001,DB14055
DB00001,DB12364
DB00001,DB14598
DB00001,DB11154
DB00001,DB11166
DB00001,DB04665
DB00001,DB14726
DB00001,DB06294
DB00001,DB12726
DB00001,DB09259
DB00001,DB15880
DB00001,DB05361
DB00001,DB16481
DB00001,DB00203
DB00001,DB00008
DB00001,DB00011
DB00001,DB00018
DB00001,DB00022
DB00001,DB00033
DB00001,DB00034
DB00001,DB00041
DB00001,DB00056
DB00001,DB00068
DB00001,DB00069
DB00001,DB00073
DB00001,DB00078
DB00001,DB00087
DB00001,DB00105
DB00001,DB00120
DB00001,DB00188
DB00001,DB00242
DB00001,DB00262
DB00001,DB00276
DB00001,DB00291
DB00001,DB00293
DB00001,DB00305
DB00001,DB00307
DB00001,DB00309
DB00001,DB00322
DB00001,DB00352
DB00001,DB00361
DB00001,DB00380
DB00001,DB00398
DB00001,DB00428
DB00001,DB00441
DB00001,DB00444
DB00001,DB00445
DB00001,DB00446
DB00001,DB00480
DB00001,DB00488
DB00001,DB00495
DB00001,DB00515
DB00001,DB00526
DB00001,DB00531
DB00001,DB00544
DB00001,DB00552
DB00001,DB00563
DB00001,DB00564
DB00001,DB00570
DB00001,DB00619
DB00001,DB00631
DB00001,DB00642
DB00001,DB00694
DB00001,DB00762
DB00001,DB00773
DB00001,DB00851
DB00001,DB00853
DB00001,DB00859
DB00001,DB00864
DB00001,DB00877
DB00001,DB00888
DB00001,DB00928
DB00001,DB00958
DB00001,DB00970
DB00001,DB00987
DB00001,DB00997
DB00001,DB01005
DB00001,DB01008
DB00001,DB01030
DB00001,DB01033
DB00001,DB01041
DB00001,DB01042
DB00001,DB01073
DB00001,DB01099
DB00001,DB01101
DB00001,DB01169
DB00001,DB01177
DB00001,DB01204
DB00001,DB01206
DB00001,DB01229
DB00001,DB01248
DB00001,DB01262
DB00001,DB01280
DB00001,DB01590
DB00001,DB02546
DB00001,DB04572
DB00001,DB04845
DB00001,DB04868
DB00001,DB05015
DB00001,DB05109
DB00001,DB05258
DB00001,DB05472
DB00001,DB05773
DB00001,DB06287
DB00001,DB06616
DB00001,DB06769
DB00001,DB06772
DB00001,DB08871
DB00001,DB08877
DB00001,DB08889
DB00001,DB08895
DB00001,DB08901
DB00001,DB08910
DB00001,DB09042
DB00001,DB09052
DB00001,DB09073
DB00001,DB09074
DB00001,DB09077
DB00001,DB09122
DB00001,DB12814
DB00001,DB00229
DB00001,DB00267
DB00001,DB00274
DB00001,DB00430
DB00001,DB00438
DB00001,DB00447
DB00001,DB00456
DB00001,DB00493
DB00001,DB00535
DB00001,DB00567
DB00001,DB00671
DB00001,DB00689
DB00001,DB00833
DB00001,DB00923
DB00001,DB01066
DB00001,DB01112
DB00001,DB01139
DB00001,DB01140
DB00001,DB01150
DB00001,DB01212
DB00001,DB01326
DB00001,DB01327
DB00001,DB01328
DB00001,DB01329
DB00001,DB01330
DB00001,DB01331
DB00001,DB01332
DB00001,DB01333
DB00001,DB01413
DB00001,DB01414
DB00001,DB01415
DB00001,DB01416
DB00001,DB04570
DB00001,DB04918
DB00001,DB06590
DB00001,DB09008
DB00001,DB09050
DB00001,DB09062
DB00001,DB11367
DB00001,DB11935
DB00001,DB13266
DB00001,DB13461
DB00001,DB13470
DB00001,DB13499
DB00001,DB13504
DB00001,DB13638
DB00001,DB13667
DB00001,DB13682
DB00001,DB13778
DB00001,DB13821
DB00001,DB14725
DB00001,DB00254
DB00001,DB00207
DB00001,DB09539
DB00001,DB00945
DB00001,DB01606
DB00001,DB00199
DB00001,DB00656
DB00001,DB00620
DB00001,DB09079
DB00001,DB01175
DB00001,DB01104
DB00001,DB00232
DB00001,DB00436
DB00001,DB00562
DB00001,DB00606
DB00001,DB00774
DB00001,DB00880
DB00001,DB00999
DB00001,DB01021
DB00001,DB01324
DB00001,DB13430
DB00001,DB13532
DB00001,DB15861
DB00001,DB00783
DB00001,DB00977
DB00001,DB00834
DB00001,DB13310
DB00001,DB00304
DB00001,DB00351
DB00001,DB00367
DB00001,DB00603
DB00001,DB00717
DB00001,DB00823
DB00001,DB00957
DB00001,DB01395
DB00001,DB04839
DB00001,DB06730
DB00001,DB09123
DB00001,DB09371
DB00001,DB09389
DB00001,DB11619
DB00001,DB12474
DB00001,DB13528
DB00001,DB13563
DB00001,DB13685
DB00001,DB13857
DB00001,DB13981
DB00001,DB14678
DB00001,DB15775
DB00001,DB15903
DB00001,DB12235
DB00001,DB11201
DB00001,DB11323
DB00001,DB15119
DB00002,DB00255
DB00002,DB00269
DB00002,DB00286
DB00002,DB00655
DB00002,DB00783
DB00002,DB00890
DB00002,DB00977
DB00002,DB01357
DB00002,DB04573
DB00002,DB04574
DB00002,DB04575
DB00002,DB07931
DB00002,DB09070
DB00002,DB09317
DB00002,DB09318
DB00002,DB09369
DB00002,DB09381
DB00002,DB11478
DB00002,DB11674
DB00002,DB12487
DB00002,DB13143
DB00002,DB13386
DB00002,DB13418
DB00002,DB13952
DB00002,DB13953
DB00002,DB13954
DB00002,DB13956
DB00002,DB15334
DB00002,DB15335
DB00002,DB12235
DB00002,DB00028
DB00002,DB00043
DB00002,DB00051
DB00002,DB00054
DB00002,DB00056
DB00002,DB00057
DB00002,DB00065
DB00002,DB00072
DB00002,DB00073
DB00002,DB00074
DB00002,DB00075
DB00002,DB00076
DB00002,DB00078
DB00002,DB00081
DB00002,DB00087
DB00002,DB00089
DB00002,DB00095
DB00002,DB00098
DB00002,DB00108
DB00002,DB00110
DB00002,DB00111
DB00002,DB00112
DB00002,DB00113
DB00002,DB01257
DB00002,DB01269
DB00002,DB01270
DB00002,DB04901
DB00002,DB04949
DB00002,DB04956
DB00002,DB04958
DB00002,DB04962
DB00002,DB04964
DB00002,DB04988
DB00002,DB05006
DB00002,DB05097
DB00002,DB05101
DB00002,DB05111
DB00002,DB05136
DB00002,DB05139
DB00002,DB05209
DB00002,DB05304
DB00002,DB05336
DB00002,DB05405
DB00002,DB05437
DB00002,DB05459
DB00002,DB05496
DB00002,DB05545
DB00002,DB05550
DB00002,DB05555
DB00002,DB05578
DB00002,DB05595
DB00002,DB05656
DB00002,DB05679
DB00002,DB05773
DB00002,DB05793
DB00002,DB05797
DB00002,DB05889
DB00002,DB05892
DB00002,DB05915
DB00002,DB05916
DB00002,DB05941
DB00002,DB05996
DB00002,DB06043
DB00002,DB06049
DB00002,DB06050
DB00002,DB06081
DB00002,DB06101
DB00002,DB06116
DB00002,DB06162
DB00002,DB06168
DB00002,DB06186
DB00002,DB06192
DB00002,DB06241
DB00002,DB06273
DB00002,DB06304
DB00002,DB06305
DB00002,DB06310
DB00002,DB06317
DB00002,DB06318
DB00002,DB06322
DB00002,DB06324
DB00002,DB06342
DB00002,DB06360
DB00002,DB06366
DB00002,DB06371
DB00002,DB06467
DB00002,DB06474
DB00002,DB06550
DB00002,DB06557
DB00002,DB06599
DB00002,DB06602
DB00002,DB06606
DB00002,DB06607
DB00002,DB06612
DB00002,DB06643
DB00002,DB06647
DB00002,DB06650
DB00002,DB06674
DB00002,DB08870
DB00002,DB08879
DB00002,DB08902
DB00002,DB08935
DB00002,DB09029
DB00002,DB09033
DB00002,DB09035
DB00002,DB09036
DB00002,DB09037
DB00002,DB09045
DB00002,DB09052
DB00002,DB09057
DB00002,DB09077
DB00002,DB09105
DB00002,DB09264
DB00002,DB09302
DB00002,DB09303
DB00002,DB09312
DB00002,DB09331
DB00002,DB09559
DB00002,DB11569
DB00002,DB11580
DB00002,DB11595
DB00002,DB11604
DB00002,DB11608
DB00002,DB11621
DB00002,DB11646
DB00002,DB11657
DB00002,DB11680
DB00002,DB11685
DB00002,DB11714
DB00002,DB11715
DB00002,DB11731
DB00002,DB11746
DB00002,DB11756
DB00002,DB11767
DB00002,DB11771
DB00002,DB11776
DB00002,DB11803
DB00002,DB11826
DB00002,DB11834
DB00002,DB11840
DB00002,DB11849
DB00002,DB11850
DB00002,DB11856
DB00002,DB11857
DB00002,DB11862
DB00002,DB11866
DB00002,DB11884
DB00002,DB11914
DB00002,DB11930
DB00002,DB11945
DB00002,DB11959
DB00002,DB11972
DB00002,DB11976
DB00002,DB11988
DB00002,DB12023
DB00002,DB12034
DB00002,DB12053
DB00002,DB12077
DB00002,DB12089
DB00002,DB12090
DB00002,DB12102
DB00002,DB12104
DB00002,DB12118
DB00002,DB12119
DB00002,DB12142
DB00002,DB12152
DB00002,DB12157
DB00002,DB12159
DB00002,DB12169
DB00002,DB12189
DB00002,DB12202
DB00002,DB12205
DB00002,DB12213
DB00002,DB12240
DB00002,DB12246
DB00002,DB12250
DB00002,DB12261
DB00002,DB12274
DB00002,DB12296
DB00002,DB12317
DB00002,DB12331
DB00002,DB12335
DB00002,DB12342
DB00002,DB12344
DB00002,DB12363
DB00002,DB12396
DB00002,DB12413
DB00002,DB12456
DB00002,DB12489
DB00002,DB12498
DB00002,DB12520
DB00002,DB12530
DB00002,DB12534
DB00002,DB12560
DB00002,DB12584
DB00002,DB12589
DB00002,DB12609
DB00002,DB12683
DB00002,DB12698
DB00002,DB12701
DB00002,DB12718
DB00002,DB12734
DB00002,DB12773
DB00002,DB12775
DB00002,DB12797
DB00002,DB12807
DB00002,DB12815
DB00002,DB12820
DB00002,DB12826
DB00002,DB12844
DB00002,DB12845
DB00002,DB12849
DB00002,DB12891
DB00002,DB12893
DB00002,DB12917
DB00002,DB12943
DB00002,DB12976
DB00002,DB13017
DB00002,DB13037
DB00002,DB13045
DB00002,DB13073
DB00002,DB13127
DB00002,DB13140
DB00002,DB13375
DB00002,DB13535
DB00002,DB13886
DB00002,DB13923
DB00002,DB13976
DB00002,DB13979
DB00002,DB14004
DB00002,DB14012
DB00002,DB14039
DB00002,DB14040
DB00002,DB14041
DB00002,DB14042
DB00002,DB14211
DB00002,DB14580
DB00002,DB14597
DB00002,DB14707
DB00002,DB14724
DB00002,DB14762
DB00002,DB14776
DB00002,DB14778
DB00002,DB14784
DB00002,DB14809
DB00002,DB14811
DB00002,DB14824
DB00002,DB14843
DB00002,DB14864
DB00002,DB14871
DB00002,DB14877
DB00002,DB14891
DB00002,DB14897
DB00002,DB14905
DB00002,DB14907
DB00002,DB14908
DB00002,DB14919
DB00002,DB14947
DB00002,DB14952
DB00002,DB14959
DB00002,DB14962
DB00002,DB14967
DB00002,DB14988
DB00002,DB14997
DB00002,DB15014
DB00002,DB15022
DB00002,DB15044
DB00002,DB15045
DB00002,DB15076
DB00002,DB15089
DB00002,DB15090
DB00002,DB15101
DB00002,DB15104
DB00002,DB15113
DB00002,DB15118
DB00002,DB15135
DB00002,DB15160
DB00002,DB15172
DB00002,DB15225
DB00002,DB15252
DB00002,DB15253
DB00002,DB15277
DB00002,DB15336
DB00002,DB15349
DB00002,DB15363
DB00002,DB15383
DB00002,DB15397
DB00002,DB15409
DB00002,DB15415
DB00002,DB15428
DB00002,DB15432
DB00002,DB15441
DB00002,DB15443
DB00002,DB15453
DB00002,DB15559
DB00002,DB15898
DB00002,DB15899
DB00002,DB15900
DB00002,DB15719
DB00002,DB16385
DB00002,DB15718
DB00002,DB05276
DB00002,DB11597
DB00002,DB15627
DB00002,DB08904
DB00002,DB15628
DB00002,DB15865
DB00002,DB16077
DB00002,DB16151
DB00002,DB16170
DB00002,DB16195
DB00002,DB16225
DB00002,DB16265
DB00002,DB16376
DB00002,DB16421
DB00002,DB16659
DB00002,DB16695
DB00002,DB15595
DB00002,DB15258
DB00002,DB00012
DB00002,DB00016
DB00002,DB08894
DB00002,DB09107
DB00002,DB15940
DB00002,DB15941
DB00002,DB16393
DB00002,DB16394
DB00004,DB00012
DB00004,DB00016
DB00004,DB08894
DB00004,DB09107
DB00005,DB08879
DB00005,DB00531
DB00005,DB06643
DB00005,DB00065
DB00005,DB00008
DB00005,DB00011
DB00005,DB00018
DB00005,DB00022
DB00005,DB00033
DB00005,DB00034
DB00005,DB00041
DB00005,DB00051
DB00005,DB00056
DB00005,DB00059
DB00005,DB00068
DB00005,DB00069
DB00005,DB00073
DB00005,DB00074
DB00005,DB00075
DB00005,DB00078
DB00005,DB00081
DB00005,DB00087
DB00005,DB00092
DB00005,DB00095
DB00005,DB00098
DB00005,DB00105
DB00005,DB00111
DB00005,DB00120
DB00005,DB00242
DB00005,DB00276
DB00005,DB00290
DB00005,DB00291
DB00005,DB00293
DB00005,DB00305
DB00005,DB00322
DB00005,DB00352
DB00005,DB00380
DB00005,DB00428
DB00005,DB00432
DB00005,DB00441
DB00005,DB00445
DB00005,DB00446
DB00005,DB00480
DB00005,DB00488
DB00005,DB00515
DB00005,DB00526
DB00005,DB00550
DB00005,DB00552
DB00005,DB00601
DB00005,DB00631
DB00005,DB00763
DB00005,DB00853
DB00005,DB00859
DB00005,DB00888
DB00005,DB00928
DB00005,DB00958
DB00005,DB00970
DB00005,DB01005
DB00005,DB01024
DB00005,DB01030
DB00005,DB01033
DB00005,DB01042
DB00005,DB01073
DB00005,DB01099
DB00005,DB01168
DB00005,DB01169
DB00005,DB01204
DB00005,DB01206
DB00005,DB01257
DB00005,DB01262
DB00005,DB01280
DB00005,DB01423
DB00005,DB01816
DB00005,DB02546
DB00005,DB02806
DB00005,DB03523
DB00005,DB04956
DB00005,DB05258
DB00005,DB05259
DB00005,DB05260
DB00005,DB05459
DB00005,DB05472
DB00005,DB06612
DB00005,DB06662
DB00005,DB06674
DB00005,DB06681
DB00005,DB06813
DB00005,DB08059
DB00005,DB08871
DB00005,DB08880
DB00005,DB08889
DB00005,DB08908
DB00005,DB08935
DB00005,DB09029
DB00005,DB09036
DB00005,DB09052
DB00005,DB09077
DB00005,DB09091
DB00005,DB09122
DB00005,DB09312
DB00005,DB11466
DB00005,DB11569
DB00005,DB11580
DB00005,DB11616
DB00005,DB11693
DB00005,DB11708
DB00005,DB11767
DB00005,DB11776
DB00005,DB11803
DB00005,DB11834
DB00005,DB11988
DB00005,DB12025
DB00005,DB12612
DB00005,DB12617
DB00005,DB12692
DB00005,DB12814
DB00005,DB12902
DB00005,DB12947
DB00005,DB12991
DB00005,DB12996
DB00005,DB13003
DB00005,DB13014
DB00005,DB13068
DB00005,DB13223
DB00005,DB13241
DB00005,DB13491
DB00005,DB13843
DB00005,DB13856
DB00005,DB14219
DB00005,DB14724
DB00005,DB14762
DB00005,DB14919
DB00005,DB15253
DB00005,DB00180
DB00005,DB00394
DB00005,DB00443
DB00005,DB00591
DB00005,DB00635
DB00005,DB00687
DB00005,DB00860
DB00005,DB00959
DB00005,DB01196
DB00005,DB01285
DB00005,DB01380
DB00005,DB01384
DB00005,DB04630
DB00005,DB08970
DB00005,DB09082
DB00005,DB09378
DB00005,DB09383
DB00005,DB11487
DB00005,DB11529
DB00005,DB11921
DB00005,DB13208
DB00005,DB14066
DB00005,DB14512
DB00005,DB14545
DB00005,DB01222
DB00005,DB00694
DB00005,DB00987
DB00005,DB01108
DB00005,DB05015
DB00005,DB01013
DB00005,DB01047
DB00005,DB00547
DB00005,DB00764
DB00005,DB08971
DB00005,DB00324
DB00005,DB09095
DB00005,DB15091
DB00005,DB03451
DB00005,DB15628
DB00005,DB15646
DB00005,DB00026
DB00005,DB01281
DB00005,DB06168
DB00005,DB06273
DB00005,DB06372
DB00005,DB08904
DB00005,DB09033
DB00005,DB00108
DB00005,DB00337
DB00005,DB01656
DB00005,DB06688
DB00005,DB01015
DB00005,DB01097
DB00005,DB08895
DB00005,DB00072
DB00005,DB08868
DB00005,DB00864
DB00005,DB04914
DB00005,DB05144
DB00005,DB05325
DB00005,DB05374
DB00005,DB05440
DB00005,DB05942
DB00005,DB06400
DB00005,DB06584
DB00005,DB09057
DB00005,DB10062
DB00005,DB10076
DB00005,DB10276
DB00005,DB10283
DB00005,DB10342
DB00005,DB10583
DB00005,DB10584
DB00005,DB10600
DB00005,DB10769
DB00005,DB10794
DB00005,DB10803
DB00005,DB10989
DB00005,DB10990
DB00005,DB11038
DB00005,DB11040
DB00005,DB11041
DB00005,DB11044
DB00005,DB11603
DB00005,DB11627
DB00005,DB12568
DB00005,DB14022
DB00005,DB14384
DB00005,DB14385
DB00005,DB14394
DB00005,DB14445
DB00005,DB14449
DB00005,DB14619
DB00005,DB14620
DB00005,DB14711
DB00005,DB15274
DB00005,DB15461
DB00005,DB13924
DB00005,DB15483
DB00005,DB15595
DB00005,DB15654
DB00005,DB10315
DB00005,DB10317
DB00005,DB10318
DB00005,DB10343
DB00005,DB10804
DB00005,DB10805
DB00005,DB11003
DB00005,DB11050
DB00005,DB12386
DB00005,DB12768
DB00005,DB14409
DB00005,DB14443
DB00005,DB14685
DB00005,DB00795
DB00005,DB00201
DB00005,DB00176
DB00005,DB00195
DB00005,DB00262
DB00005,DB00268
DB00005,DB00280
DB00005,DB00286
DB00005,DB00296
DB00005,DB00315
DB00005,DB00316
DB00005,DB00334
DB00005,DB00356
DB00005,DB00365
DB00005,DB00370
DB00005,DB00379
DB00005,DB00382
DB00005,DB00384
DB00005,DB00442
DB00005,DB00477
DB00005,DB00518
DB00005,DB00629
DB00005,DB00642
DB00005,DB00730
DB00005,DB00740
DB00005,DB00787
DB00005,DB00806
DB00005,DB00831
DB00005,DB00863
DB00005,DB00898
DB00005,DB00934
DB00005,DB00978
DB00005,DB00993
DB00005,DB00998
DB00005,DB01002
DB00005,DB01012
DB00005,DB01056
DB00005,DB01087
DB00005,DB01094
DB00005,DB01182
DB00005,DB01191
DB00005,DB01303
DB00005,DB01367
DB00005,DB01405
DB00005,DB01412
DB00005,DB01482
DB00005,DB01558
DB00005,DB01623
DB00005,DB01645
DB00005,DB01667
DB00005,DB02134
DB00005,DB02489
DB00005,DB02568
DB00005,DB04076
DB00005,DB04356
DB00005,DB04871
DB00005,DB04948
DB00005,DB04951
DB00005,DB06148
DB00005,DB06210
DB00005,DB06216
DB00005,DB06235
DB00005,DB06479
DB00005,DB06594
DB00005,DB06770
DB00005,DB06774
DB00005,DB08496
DB00005,DB09071
DB00005,DB09118
DB00005,DB09225
DB00005,DB09273
DB00005,DB09290
DB00005,DB11919
DB00005,DB11967
DB00005,DB12026
DB00005,DB12245
DB00005,DB12332
DB00005,DB12406
DB00005,DB12531
DB00005,DB12926
DB00005,DB12927
DB00005,DB12945
DB00005,DB13203
DB00005,DB13449
DB00005,DB13573
DB00005,DB13592
DB00005,DB13634
DB00005,DB13812
DB00005,DB14018
DB00005,DB14132
DB00005,DB11757
DB00005,DB04889
DB00005,DB05708
DB00005,DB00977
DB00005,DB00425
DB00005,DB00532
DB00005,DB00924
DB00005,DB11689
DB00005,DB00363
DB00005,DB00299
DB00005,DB00574
DB00005,DB01065
DB00005,DB09241
DB00005,DB01086
DB00005,DB00277
DB00005,DB00682
DB00005,DB00697
DB00005,DB01100
DB00005,DB01223
DB00005,DB01418
DB00005,DB09256
DB00005,DB00261
DB00005,DB00544
DB00005,DB00851
DB00005,DB06769
DB00005,DB08910
DB00005,DB00458
DB00005,DB00575
DB00005,DB01242
DB00005,DB00238
DB00005,DB00471
DB00005,DB00690
DB00005,DB00916
DB00005,DB00983
DB00005,DB01006
DB00005,DB01028
DB00005,DB01159
DB00005,DB01236
DB00005,DB01274
DB00005,DB01544
DB00005,DB06292
DB00005,DB06470
DB00005,DB09068
DB00005,DB09327
DB00005,DB11586
DB00005,DB04977
DB00005,DB06119
DB00005,DB00313
DB00005,DB00604
DB00005,DB00184
DB00005,DB00193
DB00005,DB00333
DB00005,DB00349
DB00005,DB00625
DB00005,DB00753
DB00005,DB00818
DB00005,DB00835
DB00005,DB00836
DB00005,DB00849
DB00005,DB00865
DB00005,DB01069
DB00005,DB01074
DB00005,DB01221
DB00005,DB01466
DB00005,DB01559
DB00005,DB04938
DB00005,DB04975
DB00005,DB05541
DB00005,DB06209
DB00005,DB06697
DB00005,DB06710
DB00005,DB06738
DB00005,DB06739
DB00005,DB11613
DB00005,DB13132
DB00005,DB13943
DB00005,DB13944
DB00005,DB13946
DB00005,DB01156
DB00005,DB00956
DB00005,DB14975
DB00005,DB11837
DB00005,DB00714
DB00005,DB00751
DB00005,DB00957
DB00005,DB09167
DB00005,DB00213
DB00005,DB00215
DB00005,DB00312
DB00005,DB00338
DB00005,DB00347
DB00005,DB00395
DB00005,DB00448
DB00005,DB00582
DB00005,DB00679
DB00005,DB00736
DB00005,DB00794
DB00005,DB00909
DB00005,DB01129
DB00005,DB01131
DB00005,DB01175
DB00005,DB01259
DB00005,DB01323
DB00005,DB01355
DB00005,DB01483
DB00005,DB05246
DB00005,DB05351
DB00005,DB06218
DB00005,DB06414
DB00005,DB06605
DB00005,DB09166
DB00005,DB12474
DB00005,DB13762
DB00005,DB14055
DB00005,DB00715
DB00005,DB12500
DB00005,DB04861
DB00005,DB06684
DB00005,DB01104
DB00005,DB11823
DB00005,DB00665
DB00005,DB01171
DB00005,DB08864
DB00005,DB00252
DB00005,DB00599
DB00005,DB01174
DB00005,DB01320
DB00005,DB00726
DB00005,DB00613
DB00005,DB00799
DB00005,DB05229
DB00005,DB06510
DB00005,DB09296
DB00005,DB01217
DB00005,DB00255
DB00005,DB00295
DB00005,DB00359
DB00005,DB00402
DB00005,DB00622
DB00005,DB00912
DB00005,DB01261
DB00005,DB06670
DB00005,DB08502
DB00005,DB08931
DB00005,DB09198
DB00005,DB09199
DB00005,DB09200
DB00005,DB09201
DB00005,DB11362
DB00005,DB11901
DB00005,DB11978
DB00005,DB12781
DB00005,DB01132
DB00005,DB11652
DB00005,DB16165
DB00005,DB00946
DB00005,DB01229
DB00005,DB06772
DB00005,DB00177
DB00005,DB00197
DB00005,DB00214
DB00005,DB00222
DB00005,DB00285
DB00005,DB00304
DB00005,DB00307
DB00005,DB00327
DB00005,DB00328
DB00005,DB00343
DB00005,DB00374
DB00005,DB00412
DB00005,DB00414
DB00005,DB00420
DB00005,DB00440
DB00005,DB00461
DB00005,DB00468
DB00005,DB00469
DB00005,DB00472
DB00005,DB00476
DB00005,DB00482
DB00005,DB00495
DB00005,DB00502
DB00005,DB00533
DB00005,DB00549
DB00005,DB00554
DB00005,DB00559
DB00005,DB00568
DB00005,DB00580
DB00005,DB00586
DB00005,DB00617
DB00005,DB00661
DB00005,DB00672
DB00005,DB00678
DB00005,DB00701
DB00005,DB00712
DB00005,DB00731
DB00005,DB00744
DB00005,DB00749
DB00005,DB00755
DB00005,DB00758
DB00005,DB00783
DB00005,DB00784
DB00005,DB00788
DB00005,DB00796
DB00005,DB00812
DB00005,DB00814
DB00005,DB00839
DB00005,DB00843
DB00005,DB00857
DB00005,DB00904
DB00005,DB00921
DB00005,DB00936
DB00005,DB00945
DB00005,DB00969
DB00005,DB00972
DB00005,DB00980
DB00005,DB01016
DB00005,DB01029
DB00005,DB01036
DB00005,DB01037
DB00005,DB01041
DB00005,DB01050
DB00005,DB01067
DB00005,DB01072
DB00005,DB01075
DB00005,DB01095
DB00005,DB01098
DB00005,DB01120
DB00005,DB01124
DB00005,DB01136
DB00005,DB01154
DB00005,DB01177
DB00005,DB01198
DB00005,DB01251
DB00005,DB01283
DB00005,DB01289
DB00005,DB01357
DB00005,DB01424
DB00005,DB01435
DB00005,DB01589
DB00005,DB01628
DB00005,DB03756
DB00005,DB03783
DB00005,DB04557
DB00005,DB04574
DB00005,DB04665
DB00005,DB04725
DB00005,DB04841
DB00005,DB04898
DB00005,DB06268
DB00005,DB06370
DB00005,DB06652
DB00005,DB06725
DB00005,DB06737
DB00005,DB06803
DB00005,DB07615
DB00005,DB08439
DB00005,DB08828
DB00005,DB08860
DB00005,DB08899
DB00005,DB08962
DB00005,DB09048
DB00005,DB09061
DB00005,DB09080
DB00005,DB09288
DB00005,DB11560
DB00005,DB11614
DB00005,DB13406
DB00005,DB13675
DB00005,DB13919
DB00005,DB13941
DB00005,DB13952
DB00005,DB13953
DB00005,DB13954
DB00005,DB13955
DB00005,DB13956
DB00005,DB14009
DB00005,DB14011
DB00005,DB00829
DB00005,DB00514
DB00005,DB00470
DB00005,DB09213
DB00005,DB00465
DB00005,DB15233
DB00005,DB01142
DB00005,DB00216
DB00005,DB00619
DB00005,DB06448
DB00005,DB06237
DB00005,DB01101
DB00005,DB00266
DB00005,DB13136
DB00005,DB08875
DB00005,DB12371
DB00005,DB01224
DB00005,DB00182
DB00005,DB00187
DB00005,DB00245
DB00005,DB00289
DB00005,DB00335
DB00005,DB00373
DB00005,DB00409
DB00005,DB00592
DB00005,DB00699
DB00005,DB00737
DB00005,DB00805
DB00005,DB00866
DB00005,DB00914
DB00005,DB00933
DB00005,DB00960
DB00005,DB01071
DB00005,DB01079
DB00005,DB01193
DB00005,DB01203
DB00005,DB01228
DB00005,DB01233
DB00005,DB01255
DB00005,DB01295
DB00005,DB01297
DB00005,DB01359
DB00005,DB01403
DB00005,DB01429
DB00005,DB01454
DB00005,DB01472
DB00005,DB01576
DB00005,DB01577
DB00005,DB01580
DB00005,DB04840
DB00005,DB04844
DB00005,DB04846
DB00005,DB06217
DB00005,DB06506
DB00005,DB06608
DB00005,DB06678
DB00005,DB06726
DB00005,DB06727
DB00005,DB06735
DB00005,DB08807
DB00005,DB08808
DB00005,DB08952
DB00005,DB09076
DB00005,DB09204
DB00005,DB09351
DB00005,DB11770
DB00005,DB11785
DB00005,DB11855
DB00005,DB11979
DB00005,DB12070
DB00005,DB12212
DB00005,DB12752
DB00005,DB13443
DB00005,DB13508
DB00005,DB13530
DB00005,DB13679
DB00005,DB13757
DB00005,DB13775
DB00005,DB00850
DB00005,DB09173
DB00005,DB00281
DB00005,DB00598
DB00005,DB14010
DB00005,DB01410
DB00005,DB01611
DB00005,DB00918
DB00005,DB08918
DB00005,DB08922
DB00005,DB09183
DB00005,DB00185
DB00005,DB00243
DB00005,DB00297
DB00005,DB00318
DB00005,DB00377
DB00005,DB00589
DB00005,DB00647
DB00005,DB00674
DB00005,DB00705
DB00005,DB00706
DB00005,DB00757
DB00005,DB01149
DB00005,DB01192
DB00005,DB01244
DB00005,DB01392
DB00005,DB01409
DB00005,DB01551
DB00005,DB01591
DB00005,DB01621
DB00005,DB02703
DB00005,DB04829
DB00005,DB04884
DB00005,DB04905
DB00005,DB04920
DB00005,DB05271
DB00005,DB06016
DB00005,DB06144
DB00005,DB06203
DB00005,DB06702
DB00005,DB08893
DB00005,DB09128
DB00005,DB09195
DB00005,DB09555
DB00005,DB11130
DB00005,DB11642
DB00005,DB13293
DB00005,DB00496
DB00005,DB00932
DB00005,DB09039
DB00005,DB14881
DB00005,DB09053
DB00005,DB11718
DB00005,DB00342
DB00005,DB00208
DB00005,DB00264
DB00005,DB00433
DB00005,DB00489
DB00005,DB01035
DB00005,DB01195
DB00005,DB00321
DB00005,DB00637
DB00005,DB00543
DB00005,DB00540
DB00005,DB01151
DB00005,DB00228
DB00005,DB06712
DB00005,DB06728
DB00005,DB00949
DB00005,DB00593
DB00005,DB00207
DB00005,DB00567
DB00005,DB00590
DB00005,DB01039
DB00005,DB01395
DB00005,DB01431
DB00005,DB01624
DB00005,DB08882
DB00005,DB09030
DB00005,DB09034
DB00005,DB09079
DB00005,DB09299
DB00005,DB11273
DB00005,DB11952
DB00005,DB12141
DB00005,DB12515
DB00005,DB12952
DB00005,DB13345
DB00005,DB13385
DB00005,DB15444
DB00005,DB06717
DB00005,DB12825
DB00005,DB12887
DB00005,DB00454
DB00005,DB00247
DB00005,DB11742
DB00005,DB11633
DB00005,DB05154
DB00005,DB05316
DB00005,DB12235
DB00005,DB11886
DB00005,DB01118
DB00005,DB00675
DB00005,DB06176
DB00005,DB00204
DB00005,DB00877
DB00005,DB01008
DB00005,DB01254
DB00005,DB01396
DB00005,DB01590
DB00005,DB04855
DB00005,DB06287
DB00005,DB09289
DB00005,DB00398
DB00005,DB00444
DB00005,DB00530
DB00005,DB00541
DB00005,DB00762
DB00005,DB00773
DB00005,DB01248
DB00005,DB01268
DB00005,DB05773
DB00005,DB06626
DB00005,DB08865
DB00005,DB08901
DB00005,DB09074
DB00005,DB12483
DB00005,DB00188
DB00005,DB01181
DB00005,DB05109
DB00005,DB12147
DB00005,DB13874
DB00005,DB06589
DB00005,DB05239
DB00005,DB09063
DB00005,DB09330
DB00005,DB11730
DB00005,DB11963
DB00005,DB12015
DB00005,DB00309
DB00005,DB00361
DB00005,DB00570
DB00005,DB00997
DB00005,DB04572
DB00005,DB04845
DB00005,DB04868
DB00005,DB06603
DB00005,DB06616
DB00005,DB08870
DB00005,DB08877
DB00005,DB09073
DB00005,DB11817
DB00005,DB08912
DB00005,DB12267
DB00005,DB00563
DB00005,DB08827
DB00005,DB05294
DB00005,DB08881
DB00005,DB11363
DB00005,DB11581
DB00005,DB11641
DB00005,DB11703
DB00005,DB15035
DB00005,DB00248
DB00005,DB06595
DB00005,DB09143
DB00005,DB11828
DB00005,DB11986
DB00005,DB12978
DB00005,DB14568
DB00005,DB09054
DB00005,DB09570
DB00005,DB06212
DB00005,DB08896
DB00005,DB12001
DB00005,DB00320
DB00005,DB00564
DB00005,DB00696
DB00005,DB00872
DB00005,DB00908
DB00005,DB01128
DB00005,DB01227
DB00005,DB00199
DB00005,DB00246
DB00005,DB00439
DB00005,DB00499
DB00005,DB00528
DB00005,DB00571
DB00005,DB00588
DB00005,DB00608
DB00005,DB00688
DB00005,DB00717
DB00005,DB00738
DB00005,DB00741
DB00005,DB00822
DB00005,DB00834
DB00005,DB00938
DB00005,DB00962
DB00005,DB00976
DB00005,DB01054
DB00005,DB01058
DB00005,DB01062
DB00005,DB01076
DB00005,DB01103
DB00005,DB01115
DB00005,DB01126
DB00005,DB01166
DB00005,DB01184
DB00005,DB01211
DB00005,DB01216
DB00005,DB01218
DB00005,DB05521
DB00005,DB06267
DB00005,DB06335
DB00005,DB06403
DB00005,DB06419
DB00005,DB06789
DB00005,DB08820
DB00005,DB08873
DB00005,DB08883
DB00005,DB08906
DB00005,DB09065
DB00005,DB09102
DB00005,DB09231
DB00005,DB09297
DB00005,DB11574
DB00005,DB11712
DB00005,DB11737
DB00005,DB12301
DB00005,DB13867
DB00005,DB14539
DB00005,DB14541
DB00005,DB00396
DB00005,DB04856
DB00005,DB04957
DB00005,DB00250
DB00005,DB00317
DB00005,DB00367
DB00005,DB00497
DB00005,DB00620
DB00005,DB00624
DB00005,DB00656
DB00005,DB00734
DB00005,DB01114
DB00005,DB01238
DB00005,DB01267
DB00005,DB04946
DB00005,DB11915
DB00005,DB12161
DB00005,DB14185
DB00005,DB01234
DB00005,DB09237
DB00005,DB11951
DB00005,DB00557
DB00005,DB00203
DB00005,DB00227
DB00005,DB00490
DB00005,DB00641
DB00005,DB00673
DB00005,DB00820
DB00005,DB00862
DB00005,DB01190
DB00005,DB00503
DB00005,DB00224
DB00005,DB00401
DB00005,DB00683
DB00005,DB00700
DB00005,DB00802
DB00005,DB00897
DB00005,DB01023
DB00005,DB01232
DB00005,DB06228
DB00005,DB00404
DB00005,DB14540
DB00005,DB14542
DB00005,DB11853
DB00005,DB12130
DB00005,DB14649
DB00005,DB12016
DB00005,DB08816
DB00005,DB05804
DB00005,DB00813
DB00005,DB00091
DB00005,DB05676
DB00005,DB14513
DB00005,DB01601
DB00005,DB12530
DB00005,DB16648
DB00005,DB15463
DB00005,DB12265
DB00005,DB00745
DB00005,DB16390
DB00005,DB16736
DB00005,DB16611
DB00005,DB15119
DB00005,DB15810
DB00006,DB06605
DB00006,DB06695
DB00006,DB01254
DB00006,DB01609
DB00006,DB01586
DB00006,DB02123
DB00006,DB02659
DB00006,DB02691
DB00006,DB03619
DB00006,DB04348
DB00006,DB05990
DB00006,DB06777
DB00006,DB08833
DB00006,DB08834
DB00006,DB08857
DB00006,DB11622
DB00006,DB11789
DB00006,DB09075
DB00006,DB09053
DB00006,DB08935
DB00006,DB06228
DB00006,DB06206
DB00006,DB09070
DB00006,DB00932
DB00006,DB00013
DB00006,DB00163
DB00006,DB09030
DB00006,DB01381
DB00006,DB01181
DB00006,DB00468
DB00006,DB00908
DB00006,DB00675
DB00006,DB00539
DB00006,DB00806
DB00006,DB00686
DB00006,DB00583
DB00006,DB00255
DB00006,DB00269
DB00006,DB00286
DB00006,DB01357
DB00006,DB04574
DB00006,DB04575
DB00006,DB07931
DB00006,DB09317
DB00006,DB09318
DB00006,DB09369
DB00006,DB09381
DB00006,DB11478
DB00006,DB11674
DB00006,DB13143
DB00006,DB13386
DB00006,DB13418
DB00006,DB13952
DB00006,DB13953
DB00006,DB13954
DB00006,DB13956
DB00006,DB15334
DB00006,DB15335
DB00006,DB04573
DB00006,DB09211
DB00006,DB00159
DB00006,DB00244
DB00006,DB00328
DB00006,DB00461
DB00006,DB00465
DB00006,DB00469
DB00006,DB00482
DB00006,DB00500
DB00006,DB00533
DB00006,DB00554
DB00006,DB00573
DB00006,DB00580
DB00006,DB00586
DB00006,DB00605
DB00006,DB00712
DB00006,DB00749
DB00006,DB00784
DB00006,DB00788
DB00006,DB00795
DB00006,DB00812
DB00006,DB00814
DB00006,DB00821
DB00006,DB00861
DB00006,DB00936
DB00006,DB00939
DB00006,DB00991
DB00006,DB01009
DB00006,DB01014
DB00006,DB01250
DB00006,DB01283
DB00006,DB01397
DB00006,DB01399
DB00006,DB01401
DB00006,DB01419
DB00006,DB01424
DB00006,DB01435
DB00006,DB01600
DB00006,DB01628
DB00006,DB02224
DB00006,DB03585
DB00006,DB04725
DB00006,DB04812
DB00006,DB04817
DB00006,DB04828
DB00006,DB05095
DB00006,DB06725
DB00006,DB06736
DB00006,DB06737
DB00006,DB07402
DB00006,DB08439
DB00006,DB08797
DB00006,DB08940
DB00006,DB08942
DB00006,DB08951
DB00006,DB08955
DB00006,DB08976
DB00006,DB08981
DB00006,DB08984
DB00006,DB08991
DB00006,DB09084
DB00006,DB09214
DB00006,DB09215
DB00006,DB09216
DB00006,DB09217
DB00006,DB09218
DB00006,DB09285
DB00006,DB09288
DB00006,DB09295
DB00006,DB11455
DB00006,DB11466
DB00006,DB11518
DB00006,DB12399
DB00006,DB12610
DB00006,DB13001
DB00006,DB13167
DB00006,DB13217
DB00006,DB13232
DB00006,DB13286
DB00006,DB13314
DB00006,DB13371
DB00006,DB13407
DB00006,DB13432
DB00006,DB13481
DB00006,DB13524
DB00006,DB13527
DB00006,DB13538
DB00006,DB13544
DB00006,DB13612
DB00006,DB13629
DB00006,DB13649
DB00006,DB13657
DB00006,DB13722
DB00006,DB13860
DB00006,DB14059
DB00006,DB14060
DB00006,DB14938
DB00006,DB09212
DB00006,DB04552
DB00006,DB04865
DB00006,DB11133
DB00006,DB00081
DB00006,DB00048
DB00006,DB00389
DB00006,DB00550
DB00006,DB00763
DB00006,DB03374
DB00006,DB06715
DB00006,DB07637
DB00006,DB09418
DB00006,DB13644
DB00006,DB13804
DB00006,DB04066
DB00006,DB04682
DB00006,DB05830
DB00006,DB06266
DB00006,DB08867
DB00006,DB11507
DB00006,DB12025
DB00006,DB13044
DB00006,DB00294
DB00006,DB00378
DB00006,DB00396
DB00006,DB01431
DB00006,DB06713
DB00006,DB06789
DB00006,DB09124
DB00006,DB11372
DB00006,DB11636
DB00006,DB13230
DB00006,DB13533
DB00006,DB13602
DB00006,DB13866
DB00006,DB14570
DB00006,DB14679
DB00006,DB00233
DB00006,DB01294
DB00006,DB06251
DB00006,DB06807
DB00006,DB09543
DB00006,DB11079
DB00006,DB13509
DB00006,DB14006
DB00006,DB14026
DB00006,DB00054
DB00006,DB00063
DB00006,DB00208
DB00006,DB00261
DB00006,DB00758
DB00006,DB00775
DB00006,DB00975
DB00006,DB01088
DB00006,DB01138
DB00006,DB01166
DB00006,DB01207
DB00006,DB01236
DB00006,DB01240
DB00006,DB02709
DB00006,DB04743
DB00006,DB04905
DB00006,DB04932
DB00006,DB05229
DB00006,DB05266
DB00006,DB05767
DB00006,DB06081
DB00006,DB06209
DB00006,DB06441
DB00006,DB07615
DB00006,DB08814
DB00006,DB08816
DB00006,DB08887
DB00006,DB09283
DB00006,DB12092
DB00006,DB12163
DB00006,DB12321
DB00006,DB12445
DB00006,DB12465
DB00006,DB12545
DB00006,DB12749
DB00006,DB12771
DB00006,DB13036
DB00006,DB13327
DB00006,DB13367
DB00006,DB13400
DB00006,DB13510
DB00006,DB13929
DB00006,DB15786
DB00006,DB00374
DB00006,DB03404
DB00006,DB13783
DB00006,DB00624
DB00006,DB01420
DB00006,DB01481
DB00006,DB01485
DB00006,DB01510
DB00006,DB01541
DB00006,DB01543
DB00006,DB01564
DB00006,DB01569
DB00006,DB01572
DB00006,DB07447
DB00006,DB08619
DB00006,DB11429
DB00006,DB13943
DB00006,DB13944
DB00006,DB13946
DB00006,DB13947
DB00006,DB13951
DB00006,DB13958
DB00006,DB14093
DB00006,DB14655
DB00006,DB02901
DB00006,DB11051
DB00006,DB09568
DB00006,DB00025
DB00006,DB00036
DB00006,DB00100
DB00006,DB00258
DB00006,DB01164
DB00006,DB01373
DB00006,DB01783
DB00006,DB01942
DB00006,DB02261
DB00006,DB06724
DB00006,DB09109
DB00006,DB09222
DB00006,DB09310
DB00006,DB09329
DB00006,DB11093
DB00006,DB11126
DB00006,DB11168
DB00006,DB11311
DB00006,DB11330
DB00006,DB11348
DB00006,DB11606
DB00006,DB11608
DB00006,DB11668
DB00006,DB12409
DB00006,DB12909
DB00006,DB13133
DB00006,DB13148
DB00006,DB13150
DB00006,DB13151
DB00006,DB13152
DB00006,DB13192
DB00006,DB13197
DB00006,DB13201
DB00006,DB13884
DB00006,DB13923
DB00006,DB13933
DB00006,DB13999
DB00006,DB14473
DB00006,DB14562
DB00006,DB14577
DB00006,DB14700
DB00006,DB14738
DB00006,DB00176
DB00006,DB00215
DB00006,DB00472
DB00006,DB00715
DB00006,DB01149
DB00006,DB04832
DB00006,DB04884
DB00006,DB06731
DB00006,DB08953
DB00006,DB12693
DB00006,DB13233
DB00006,DB00476
DB00006,DB01105
DB00006,DB04896
DB00006,DB06700
DB00006,DB08918
DB00006,DB00285
DB00006,DB00601
DB00006,DB00614
DB00006,DB00721
DB00006,DB00752
DB00006,DB00780
DB00006,DB00805
DB00006,DB01037
DB00006,DB01168
DB00006,DB01171
DB00006,DB01247
DB00006,DB01367
DB00006,DB01626
DB00006,DB04017
DB00006,DB04818
DB00006,DB04820
DB00006,DB06654
DB00006,DB08550
DB00006,DB09241
DB00006,DB09243
DB00006,DB09244
DB00006,DB09245
DB00006,DB09246
DB00006,DB09248
DB00006,DB09249
DB00006,DB09250
DB00006,DB09251
DB00006,DB09252
DB00006,DB09253
DB00006,DB09254
DB00006,DB13875
DB00006,DB13876
DB00006,DB00266
DB00006,DB00278
DB00006,DB00407
DB00006,DB00498
DB00006,DB00569
DB00006,DB00682
DB00006,DB00946
DB00006,DB00974
DB00006,DB01109
DB00006,DB01225
DB00006,DB01418
DB00006,DB04898
DB00006,DB05099
DB00006,DB06271
DB00006,DB06406
DB00006,DB06635
DB00006,DB06754
DB00006,DB06779
DB00006,DB07767
DB00006,DB08794
DB00006,DB08813
DB00006,DB09255
DB00006,DB11095
DB00006,DB11268
DB00006,DB11312
DB00006,DB11598
DB00006,DB11984
DB00006,DB12289
DB00006,DB12598
DB00006,DB12831
DB00006,DB13124
DB00006,DB13136
DB00006,DB13149
DB00006,DB13616
DB00006,DB09125
DB00006,DB09154
DB00006,DB00031
DB00006,DB00055
DB00006,DB06822
DB00006,DB13199
DB00006,DB13646
DB00006,DB00086
DB00006,DB04925
DB00006,DB05254
DB00006,DB06543
DB00006,DB08994
DB00006,DB09258
DB00006,DB09260
DB00006,DB13275
DB00006,DB13347
DB00006,DB13451
DB00006,DB00001
DB00006,DB00009
DB00006,DB00015
DB00006,DB00029
DB00006,DB14094
DB00006,DB06679
DB00006,DB03410
DB00006,DB08496
DB00006,DB14055
DB00006,DB12364
DB00006,DB14598
DB00006,DB11154
DB00006,DB11166
DB00006,DB04665
DB00006,DB14726
DB00006,DB06294
DB00006,DB12726
DB00006,DB09259
DB00006,DB15880
DB00006,DB05361
DB00006,DB16481
DB00006,DB00203
DB00006,DB00008
DB00006,DB00011
DB00006,DB00018
DB00006,DB00022
DB00006,DB00033
DB00006,DB00034
DB00006,DB00041
DB00006,DB00056
DB00006,DB00068
DB00006,DB00069
DB00006,DB00073
DB00006,DB00078
DB00006,DB00087
DB00006,DB00105
DB00006,DB00120
DB00006,DB00188
DB00006,DB00242
DB00006,DB00262
DB00006,DB00276
DB00006,DB00291
DB00006,DB00293
DB00006,DB00305
DB00006,DB00307
DB00006,DB00309
DB00006,DB00322
DB00006,DB00352
DB00006,DB00361
DB00006,DB00380
DB00006,DB00398
DB00006,DB00428
DB00006,DB00441
DB00006,DB00444
DB00006,DB00445
DB00006,DB00446
DB00006,DB00480
DB00006,DB00488
DB00006,DB00495
DB00006,DB00515
DB00006,DB00526
DB00006,DB00531
DB00006,DB00544
DB00006,DB00552
DB00006,DB00563
DB00006,DB00564
DB00006,DB00570
DB00006,DB00619
DB00006,DB00631
DB00006,DB00642
DB00006,DB00694
DB00006,DB00762
DB00006,DB00773
DB00006,DB00851
DB00006,DB00853
DB00006,DB00859
DB00006,DB00864
DB00006,DB00877
DB00006,DB00888
DB00006,DB00928
DB00006,DB00958
DB00006,DB00970
DB00006,DB00987
DB00006,DB00997
DB00006,DB01005
DB00006,DB01008
DB00006,DB01030
DB00006,DB01033
DB00006,DB01041
DB00006,DB01042
DB00006,DB01073
DB00006,DB01099
DB00006,DB01101
DB00006,DB01169
DB00006,DB01177
DB00006,DB01204
DB00006,DB01206
DB00006,DB01229
DB00006,DB01248
DB00006,DB01262
DB00006,DB01280
DB00006,DB01590
DB00006,DB02546
DB00006,DB04572
DB00006,DB04845
DB00006,DB04868
DB00006,DB05015
DB00006,DB05109
DB00006,DB05258
DB00006,DB05472
DB00006,DB05773
DB00006,DB06287
DB00006,DB06616
DB00006,DB06769
DB00006,DB06772
DB00006,DB08871
DB00006,DB08877
DB00006,DB08889
DB00006,DB08895
DB00006,DB08901
DB00006,DB08910
DB00006,DB09042
DB00006,DB09052
DB00006,DB09073
DB00006,DB09074
DB00006,DB09077
DB00006,DB09122
DB00006,DB12814
DB00006,DB00229
DB00006,DB00267
DB00006,DB00274
DB00006,DB00430
DB00006,DB00438
DB00006,DB00447
DB00006,DB00456
DB00006,DB00493
DB00006,DB00535
DB00006,DB00567
DB00006,DB00671
DB00006,DB00689
DB00006,DB00833
DB00006,DB00923
DB00006,DB01066
DB00006,DB01112
DB00006,DB01139
DB00006,DB01140
DB00006,DB01150
DB00006,DB01212
DB00006,DB01326
DB00006,DB01327
DB00006,DB01328
DB00006,DB01329
DB00006,DB01330
DB00006,DB01331
DB00006,DB01332
DB00006,DB01333
DB00006,DB01413
DB00006,DB01414
DB00006,DB01415
DB00006,DB01416
DB00006,DB04570
DB00006,DB04918
DB00006,DB06590
DB00006,DB09008
DB00006,DB09050
DB00006,DB09062
DB00006,DB11367
DB00006,DB11935
DB00006,DB13266
DB00006,DB13461
DB00006,DB13470
DB00006,DB13499
DB00006,DB13504
DB00006,DB13638
DB00006,DB13667
DB00006,DB13682
DB00006,DB13778
DB00006,DB13821
DB00006,DB14725
DB00006,DB00254
DB00006,DB00207
DB00006,DB09539
DB00006,DB00945
DB00006,DB01606
DB00006,DB00199
DB00006,DB00656
DB00006,DB00620
DB00006,DB09079
DB00006,DB01175
DB00006,DB01104
DB00006,DB00232
DB00006,DB00436
DB00006,DB00562
DB00006,DB00606
DB00006,DB00774
DB00006,DB00880
DB00006,DB00999
DB00006,DB01021
DB00006,DB01324
DB00006,DB13430
DB00006,DB13532
DB00006,DB15861
DB00006,DB00783
DB00006,DB00977
DB00006,DB00834
DB00006,DB13310
DB00006,DB00304
DB00006,DB00351
DB00006,DB00367
DB00006,DB00603
DB00006,DB00717
DB00006,DB00823
DB00006,DB00957
DB00006,DB01395
DB00006,DB04839
DB00006,DB06730
DB00006,DB09123
DB00006,DB09371
DB00006,DB09389
DB00006,DB11619
DB00006,DB12474
DB00006,DB13528
DB00006,DB13563
DB00006,DB13685
DB00006,DB13857
DB00006,DB13981
DB00006,DB14678
DB00006,DB15775
DB00006,DB15903
DB00006,DB12235
DB00006,DB11201
DB00006,DB11323
DB00006,DB15119
DB00007,DB09066
DB00007,DB09083
DB00007,DB09277
DB00007,DB00089
DB00007,DB00030
DB00007,DB00046
DB00007,DB00047
DB00007,DB00071
DB00007,DB00197
DB00007,DB00222
DB00007,DB00284
DB00007,DB00359
DB00007,DB00412
DB00007,DB00414
DB00007,DB00491
DB00007,DB00672
DB00007,DB00731
DB00007,DB00839
DB00007,DB00912
DB00007,DB00914
DB00007,DB01016
DB00007,DB01067
DB00007,DB01120
DB00007,DB01124
DB00007,DB01132
DB00007,DB01251
DB00007,DB01252
DB00007,DB01261
DB00007,DB01276
DB00007,DB01277
DB00007,DB01278
DB00007,DB01289
DB00007,DB01306
DB00007,DB01307
DB00007,DB01309
DB00007,DB01382
DB00007,DB01700
DB00007,DB04830
DB00007,DB04876
DB00007,DB04878
DB00007,DB05115
DB00007,DB06011
DB00007,DB06127
DB00007,DB06203
DB00007,DB06292
DB00007,DB06335
DB00007,DB06655
DB00007,DB08382
DB00007,DB08882
DB00007,DB08907
DB00007,DB08962
DB00007,DB09022
DB00007,DB09038
DB00007,DB09043
DB00007,DB09045
DB00007,DB09198
DB00007,DB09199
DB00007,DB09200
DB00007,DB09201
DB00007,DB09265
DB00007,DB09456
DB00007,DB09564
DB00007,DB11567
DB00007,DB11568
DB00007,DB11698
DB00007,DB11723
DB00007,DB11780
DB00007,DB11824
DB00007,DB11827
DB00007,DB11898
DB00007,DB11950
DB00007,DB11992
DB00007,DB12268
DB00007,DB12412
DB00007,DB12417
DB00007,DB12625
DB00007,DB12713
DB00007,DB12781
DB00007,DB12935
DB00007,DB13406
DB00007,DB13446
DB00007,DB13675
DB00007,DB13928
DB00007,DB14027
DB00007,DB14035
DB00007,DB15171
DB00007,DB15217
DB00007,DB01200
DB00007,DB00215
DB00007,DB00261
DB00007,DB00280
DB00007,DB00283
DB00007,DB00308
DB00007,DB00313
DB00007,DB00365
DB00007,DB00468
DB00007,DB00489
DB00007,DB00530
DB00007,DB00539
DB00007,DB00619
DB00007,DB00679
DB00007,DB00685
DB00007,DB00834
DB00007,DB00907
DB00007,DB01035
DB00007,DB01169
DB00007,DB01175
DB00007,DB01184
DB00007,DB01208
DB00007,DB01218
DB00007,DB01244
DB00007,DB01267
DB00007,DB01356
DB00007,DB01405
DB00007,DB01624
DB00007,DB04844
DB00007,DB04868
DB00007,DB04946
DB00007,DB05294
DB00007,DB06176
DB00007,DB06216
DB00007,DB06697
DB00007,DB06708
DB00007,DB08881
DB00007,DB11730
DB00007,DB11978
DB00007,DB12161
DB00007,DB13074
DB00007,DB13725
DB00007,DB00204
DB00007,DB00342
DB00007,DB00604
DB00007,DB00637
DB00007,DB00908
DB00007,DB01100
DB00007,DB01118
DB00007,DB04855
DB00007,DB09039
DB00007,DB00014
DB00007,DB00199
DB00007,DB00207
DB00007,DB00218
DB00007,DB00243
DB00007,DB00263
DB00007,DB00333
DB00007,DB00343
DB00007,DB00363
DB00007,DB00391
DB00007,DB00393
DB00007,DB00420
DB00007,DB00433
DB00007,DB00450
DB00007,DB00477
DB00007,DB00526
DB00007,DB00537
DB00007,DB00544
DB00007,DB00556
DB00007,DB00568
DB00007,DB00572
DB00007,DB00608
DB00007,DB00640
DB00007,DB00738
DB00007,DB00743
DB00007,DB00748
DB00007,DB00757
DB00007,DB00778
DB00007,DB00779
DB00007,DB00827
DB00007,DB00889
DB00007,DB00904
DB00007,DB00922
DB00007,DB00933
DB00007,DB00967
DB00007,DB00978
DB00007,DB00985
DB00007,DB01087
DB00007,DB01113
DB00007,DB01114
DB00007,DB01115
DB00007,DB01137
DB00007,DB01155
DB00007,DB01165
DB00007,DB01182
DB00007,DB01195
DB00007,DB01599
DB00007,DB01615
DB00007,DB02638
DB00007,DB04825
DB00007,DB04842
DB00007,DB04948
DB00007,DB04957
DB00007,DB05223
DB00007,DB05488
DB00007,DB06160
DB00007,DB06200
DB00007,DB06334
DB00007,DB06402
DB00007,DB06589
DB00007,DB06600
DB00007,DB06603
DB00007,DB06712
DB00007,DB08799
DB00007,DB08865
DB00007,DB08903
DB00007,DB08980
DB00007,DB08992
DB00007,DB09016
DB00007,DB09063
DB00007,DB09078
DB00007,DB09224
DB00007,DB09231
DB00007,DB09555
DB00007,DB11640
DB00007,DB11830
DB00007,DB11841
DB00007,DB12141
DB00007,DB12174
DB00007,DB12286
DB00007,DB12376
DB00007,DB12523
DB00007,DB12565
DB00007,DB12877
DB00007,DB13261
DB00007,DB13273
DB00007,DB13500
DB00007,DB13546
DB00007,DB13652
DB00007,DB13653
DB00007,DB13679
DB00007,DB13791
DB00007,DB14063
DB00007,DB14568
DB00007,DB00625
DB00007,DB00836
DB00007,DB00976
DB00007,DB01211
DB00007,DB01224
DB00007,DB01227
DB00007,DB01232
DB00007,DB01388
DB00007,DB00321
DB00007,DB00458
DB00007,DB01242
DB00007,DB11718
DB00007,DB01084
DB00007,DB15982
DB00007,DB00104
DB00007,DB00107
DB00007,DB00187
DB00007,DB00188
DB00007,DB00196
DB00007,DB00230
DB00007,DB00245
DB00007,DB00270
DB00007,DB00285
DB00007,DB00289
DB00007,DB00334
DB00007,DB00341
DB00007,DB00344
DB00007,DB00346
DB00007,DB00347
DB00007,DB00354
DB00007,DB00358
DB00007,DB00366
DB00007,DB00370
DB00007,DB00373
DB00007,DB00374
DB00007,DB00398
DB00007,DB00405
DB00007,DB00424
DB00007,DB00427
DB00007,DB00434
DB00007,DB00467
DB00007,DB00487
DB00007,DB00529
DB00007,DB00543
DB00007,DB00555
DB00007,DB00613
DB00007,DB00622
DB00007,DB00674
DB00007,DB00675
DB00007,DB00678
DB00007,DB00680
DB00007,DB00691
DB00007,DB00697
DB00007,DB00710
DB00007,DB00714
DB00007,DB00719
DB00007,DB00734
DB00007,DB00753
DB00007,DB00808
DB00007,DB00817
DB00007,DB00818
DB00007,DB00822
DB00007,DB00825
DB00007,DB00835
DB00007,DB00871
DB00007,DB00909
DB00007,DB00915
DB00007,DB00916
DB00007,DB00927
DB00007,DB00934
DB00007,DB00938
DB00007,DB00949
DB00007,DB00983
DB00007,DB00999
DB00007,DB01001
DB00007,DB01015
DB00007,DB01036
DB00007,DB01044
DB00007,DB01054
DB00007,DB01059
DB00007,DB01069
DB00007,DB01071
DB00007,DB01074
DB00007,DB01075
DB00007,DB01106
DB00007,DB01158
DB00007,DB01166
DB00007,DB01173
DB00007,DB01176
DB00007,DB01189
DB00007,DB01228
DB00007,DB01233
DB00007,DB01236
DB00007,DB01238
DB00007,DB01239
DB00007,DB01246
DB00007,DB01259
DB00007,DB01268
DB00007,DB01274
DB00007,DB01403
DB00007,DB01426
DB00007,DB01591
DB00007,DB01611
DB00007,DB01620
DB00007,DB01623
DB00007,DB02546
DB00007,DB04576
DB00007,DB04695
DB00007,DB04846
DB00007,DB04953
DB00007,DB05039
DB00007,DB05246
DB00007,DB05465
DB00007,DB06217
DB00007,DB06282
DB00007,DB06468
DB00007,DB06663
DB00007,DB06691
DB00007,DB06699
DB00007,DB06719
DB00007,DB06788
DB00007,DB06825
DB00007,DB07780
DB00007,DB07841
DB00007,DB08808
DB00007,DB08871
DB00007,DB08893
DB00007,DB08912
DB00007,DB08936
DB00007,DB08952
DB00007,DB08972
DB00007,DB09080
DB00007,DB09082
DB00007,DB09089
DB00007,DB09090
DB00007,DB09167
DB00007,DB09229
DB00007,DB09235
DB00007,DB09236
DB00007,DB09239
DB00007,DB09488
DB00007,DB11390
DB00007,DB11397
DB00007,DB11408
DB00007,DB11412
DB00007,DB11443
DB00007,DB11448
DB00007,DB11491
DB00007,DB11511
DB00007,DB11591
DB00007,DB11614
DB00007,DB11770
DB00007,DB11774
DB00007,DB11785
DB00007,DB11891
DB00007,DB11892
DB00007,DB11943
DB00007,DB12093
DB00007,DB12231
DB00007,DB12245
DB00007,DB12645
DB00007,DB12712
DB00007,DB12766
DB00007,DB12923
DB00007,DB13358
DB00007,DB13488
DB00007,DB13555
DB00007,DB13627
DB00007,DB13651
DB00007,DB13691
DB00007,DB13744
DB00007,DB13766
DB00007,DB13772
DB00007,DB13823
DB00007,DB14185
DB00007,DB14713
DB00007,DB00220
DB00007,DB00726
DB00007,DB00540
DB00007,DB00582
DB00007,DB00593
DB00007,DB00862
DB00007,DB00864
DB00007,DB01023
DB00007,DB01026
DB00007,DB01072
DB00007,DB01167
DB00007,DB01254
DB00007,DB01263
DB00007,DB01396
DB00007,DB08815
DB00007,DB08864
DB00007,DB11742
DB00007,DB01601
DB00007,DB01142
DB00007,DB01151
DB00007,DB00503
DB00007,DB00845
DB00007,DB11796
DB00007,DB00751
DB00007,DB11853
DB00007,DB11637
DB00007,DB00159
DB00007,DB00229
DB00007,DB00244
DB00007,DB00267
DB00007,DB00274
DB00007,DB00300
DB00007,DB00328
DB00007,DB00369
DB00007,DB00430
DB00007,DB00438
DB00007,DB00447
DB00007,DB00456
DB00007,DB00461
DB00007,DB00465
DB00007,DB00469
DB00007,DB00482
DB00007,DB00493
DB00007,DB00500
DB00007,DB00533
DB00007,DB00554
DB00007,DB00567
DB00007,DB00573
DB00007,DB00577
DB00007,DB00580
DB00007,DB00586
DB00007,DB00605
DB00007,DB00626
DB00007,DB00689
DB00007,DB00712
DB00007,DB00718
DB00007,DB00749
DB00007,DB00784
DB00007,DB00787
DB00007,DB00788
DB00007,DB00795
DB00007,DB00812
DB00007,DB00814
DB00007,DB00821
DB00007,DB00833
DB00007,DB00861
DB00007,DB00923
DB00007,DB00936
DB00007,DB00939
DB00007,DB00945
DB00007,DB00958
DB00007,DB00991
DB00007,DB01009
DB00007,DB01014
DB00007,DB01050
DB00007,DB01066
DB00007,DB01111
DB00007,DB01112
DB00007,DB01139
DB00007,DB01140
DB00007,DB01150
DB00007,DB01212
DB00007,DB01250
DB00007,DB01283
DB00007,DB01326
DB00007,DB01327
DB00007,DB01328
DB00007,DB01329
DB00007,DB01330
DB00007,DB01331
DB00007,DB01332
DB00007,DB01333
DB00007,DB01397
DB00007,DB01399
DB00007,DB01401
DB00007,DB01413
DB00007,DB01414
DB00007,DB01415
DB00007,DB01416
DB00007,DB01419
DB00007,DB01424
DB00007,DB01435
DB00007,DB01600
DB00007,DB01628
DB00007,DB02247
DB00007,DB03450
DB00007,DB03585
DB00007,DB04570
DB00007,DB04743
DB00007,DB04812
DB00007,DB04817
DB00007,DB04828
DB00007,DB04918
DB00007,DB05095
DB00007,DB06590
DB00007,DB06725
DB00007,DB06736
DB00007,DB06737
DB00007,DB07402
DB00007,DB08439
DB00007,DB08797
DB00007,DB08940
DB00007,DB08942
DB00007,DB08951
DB00007,DB08955
DB00007,DB08976
DB00007,DB08981
DB00007,DB08984
DB00007,DB08991
DB00007,DB09008
DB00007,DB09062
DB00007,DB09084
DB00007,DB09213
DB00007,DB09214
DB00007,DB09215
DB00007,DB09216
DB00007,DB09217
DB00007,DB09218
DB00007,DB09285
DB00007,DB09288
DB00007,DB09295
DB00007,DB09299
DB00007,DB11367
DB00007,DB11455
DB00007,DB11466
DB00007,DB11518
DB00007,DB11935
DB00007,DB12445
DB00007,DB12545
DB00007,DB13001
DB00007,DB13167
DB00007,DB13217
DB00007,DB13232
DB00007,DB13266
DB00007,DB13286
DB00007,DB13314
DB00007,DB13371
DB00007,DB13407
DB00007,DB13432
DB00007,DB13461
DB00007,DB13470
DB00007,DB13481
DB00007,DB13499
DB00007,DB13504
DB00007,DB13524
DB00007,DB13527
DB00007,DB13538
DB00007,DB13544
DB00007,DB13612
DB00007,DB13629
DB00007,DB13638
DB00007,DB13649
DB00007,DB13657
DB00007,DB13667
DB00007,DB13682
DB00007,DB13722
DB00007,DB13778
DB00007,DB13783
DB00007,DB13821
DB00007,DB13860
DB00007,DB13868
DB00007,DB14059
DB00007,DB14060
DB00007,DB14126
DB00007,DB01438
DB00007,DB15066
DB00007,DB14507
DB00007,DB09212
DB00007,DB00452
DB00007,DB01421
DB00007,DB04263
DB00007,DB04626
DB00007,DB04808
DB00007,DB08437
DB00007,DB11512
DB00007,DB11520
DB00007,DB04552
DB00007,DB00017
DB00007,DB00035
DB00007,DB00041
DB00007,DB00081
DB00007,DB00115
DB00007,DB00158
DB00007,DB00165
DB00007,DB00176
DB00007,DB00182
DB00007,DB00185
DB00007,DB00186
DB00007,DB00190
DB00007,DB00193
DB00007,DB00198
DB00007,DB00200
DB00007,DB00206
DB00007,DB00208
DB00007,DB00213
DB00007,DB00225
DB00007,DB00231
DB00007,DB00235
DB00007,DB00237
DB00007,DB00254
DB00007,DB00262
DB00007,DB00264
DB00007,DB00271
DB00007,DB00273
DB00007,DB00279
DB00007,DB00286
DB00007,DB00290
DB00007,DB00292
DB00007,DB00294
DB00007,DB00296
DB00007,DB00303
DB00007,DB00316
DB00007,DB00319
DB00007,DB00322
DB00007,DB00323
DB00007,DB00325
DB00007,DB00327
DB00007,DB00330
DB00007,DB00339
DB00007,DB00349
DB00007,DB00351
DB00007,DB00355
DB00007,DB00356
DB00007,DB00364
DB00007,DB00372
DB00007,DB00377
DB00007,DB00380
DB00007,DB00402
DB00007,DB00413
DB00007,DB00415
DB00007,DB00418
DB00007,DB00432
DB00007,DB00435
DB00007,DB00437
DB00007,DB00441
DB00007,DB00476
DB00007,DB00480
DB00007,DB00492
DB00007,DB00499
DB00007,DB00535
DB00007,DB00548
DB00007,DB00553
DB00007,DB00558
DB00007,DB00569
DB00007,DB00583
DB00007,DB00591
DB00007,DB00597
DB00007,DB00598
DB00007,DB00603
DB00007,DB00612
DB00007,DB00624
DB00007,DB00628
DB00007,DB00631
DB00007,DB00633
DB00007,DB00635
DB00007,DB00651
DB00007,DB00657
DB00007,DB00660
DB00007,DB00665
DB00007,DB00669
DB00007,DB00690
DB00007,DB00692
DB00007,DB00698
DB00007,DB00706
DB00007,DB00713
DB00007,DB00716
DB00007,DB00722
DB00007,DB00730
DB00007,DB00733
DB00007,DB00759
DB00007,DB00760
DB00007,DB00761
DB00007,DB00775
DB00007,DB00780
DB00007,DB00782
DB00007,DB00783
DB00007,DB00789
DB00007,DB00790
DB00007,DB00800
DB00007,DB00804
DB00007,DB00806
DB00007,DB00811
DB00007,DB00828
DB00007,DB00829
DB00007,DB00841
DB00007,DB00842
DB00007,DB00851
DB00007,DB00853
DB00007,DB00894
DB00007,DB00900
DB00007,DB00911
DB00007,DB00918
DB00007,DB00928
DB00007,DB00953
DB00007,DB00960
DB00007,DB00961
DB00007,DB00962
DB00007,DB00980
DB00007,DB00988
DB00007,DB00993
DB00007,DB00995
DB00007,DB01002
DB00007,DB01010
DB00007,DB01011
DB00007,DB01018
DB00007,DB01020
DB00007,DB01022
DB00007,DB01024
DB00007,DB01030
DB00007,DB01032
DB00007,DB01043
DB00007,DB01046
DB00007,DB01048
DB00007,DB01060
DB00007,DB01068
DB00007,DB01093
DB00007,DB01099
DB00007,DB01101
DB00007,DB01105
DB00007,DB01129
DB00007,DB01133
DB00007,DB01135
DB00007,DB01148
DB00007,DB01156
DB00007,DB01157
DB00007,DB01170
DB00007,DB01181
DB00007,DB01203
DB00007,DB01205
DB00007,DB01213
DB00007,DB01215
DB00007,DB01221
DB00007,DB01240
DB00007,DB01249
DB00007,DB01273
DB00007,DB01275
DB00007,DB01359
DB00007,DB01367
DB00007,DB01409
DB00007,DB01420
DB00007,DB01427
DB00007,DB01428
DB00007,DB01431
DB00007,DB01550
DB00007,DB01558
DB00007,DB01563
DB00007,DB01577
DB00007,DB01587
DB00007,DB01610
DB00007,DB01638
DB00007,DB01656
DB00007,DB01685
DB00007,DB04574
DB00007,DB04871
DB00007,DB04895
DB00007,DB04896
DB00007,DB04920
DB00007,DB05018
DB00007,DB05541
DB00007,DB06154
DB00007,DB06186
DB00007,DB06196
DB00007,DB06209
DB00007,DB06211
DB00007,DB06230
DB00007,DB06262
DB00007,DB06480
DB00007,DB06623
DB00007,DB06637
DB00007,DB06695
DB00007,DB06700
DB00007,DB06702
DB00007,DB06705
DB00007,DB06710
DB00007,DB06767
DB00007,DB06782
DB00007,DB06796
DB00007,DB06800
DB00007,DB06809
DB00007,DB06813
DB00007,DB06823
DB00007,DB06824
DB00007,DB08824
DB00007,DB08826
DB00007,DB08840
DB00007,DB08872
DB00007,DB08877
DB00007,DB08897
DB00007,DB08900
DB00007,DB08905
DB00007,DB08909
DB00007,DB08910
DB00007,DB08911
DB00007,DB08918
DB00007,DB08932
DB00007,DB08934
DB00007,DB09027
DB00007,DB09050
DB00007,DB09068
DB00007,DB09071
DB00007,DB09075
DB00007,DB09081
DB00007,DB09091
DB00007,DB09103
DB00007,DB09104
DB00007,DB09106
DB00007,DB09111
DB00007,DB09121
DB00007,DB09123
DB00007,DB09129
DB00007,DB09132
DB00007,DB09133
DB00007,DB09134
DB00007,DB09135
DB00007,DB09136
DB00007,DB09137
DB00007,DB09139
DB00007,DB09148
DB00007,DB09149
DB00007,DB09156
DB00007,DB09163
DB00007,DB09165
DB00007,DB09185
DB00007,DB09194
DB00007,DB09195
DB00007,DB09204
DB00007,DB09205
DB00007,DB09209
DB00007,DB09210
DB00007,DB09219
DB00007,DB09220
DB00007,DB09223
DB00007,DB09241
DB00007,DB09244
DB00007,DB09245
DB00007,DB09255
DB00007,DB09256
DB00007,DB09257
DB00007,DB09262
DB00007,DB09264
DB00007,DB09268
DB00007,DB09276
DB00007,DB09281
DB00007,DB09292
DB00007,DB09301
DB00007,DB09317
DB00007,DB09318
DB00007,DB09320
DB00007,DB09324
DB00007,DB09325
DB00007,DB09329
DB00007,DB09344
DB00007,DB09357
DB00007,DB09394
DB00007,DB09395
DB00007,DB09407
DB00007,DB09418
DB00007,DB09472
DB00007,DB09477
DB00007,DB09481
DB00007,DB09496
DB00007,DB09502
DB00007,DB09546
DB00007,DB09570
DB00007,DB11090
DB00007,DB11098
DB00007,DB11102
DB00007,DB11114
DB00007,DB11127
DB00007,DB11130
DB00007,DB11135
DB00007,DB11136
DB00007,DB11145
DB00007,DB11156
DB00007,DB11164
DB00007,DB11251
DB00007,DB11278
DB00007,DB11328
DB00007,DB11338
DB00007,DB11358
DB00007,DB11364
DB00007,DB11560
DB00007,DB11577
DB00007,DB11587
DB00007,DB11598
DB00007,DB11691
DB00007,DB11699
DB00007,DB11817
DB00007,DB11915
DB00007,DB11989
DB00007,DB12007
DB00007,DB12107
DB00007,DB12278
DB00007,DB12783
DB00007,DB13025
DB00007,DB13139
DB00007,DB13156
DB00007,DB13178
DB00007,DB13185
DB00007,DB13191
DB00007,DB13269
DB00007,DB13595
DB00007,DB13884
DB00007,DB13909
DB00007,DB13943
DB00007,DB13944
DB00007,DB13946
DB00007,DB13952
DB00007,DB13954
DB00007,DB13955
DB00007,DB13956
DB00007,DB13967
DB00007,DB14006
DB00007,DB14007
DB00007,DB14498
DB00007,DB14499
DB00007,DB14526
DB00007,DB14527
DB00007,DB14528
DB00007,DB14529
DB00007,DB14530
DB00007,DB14754
DB00007,DB06815
DB00007,DB11121
DB00007,DB11085
DB00007,DB00312
DB00007,DB00401
DB00007,DB00404
DB00007,DB00490
DB00007,DB00661
DB00007,DB00683
DB00007,DB00763
DB00007,DB00820
DB00007,DB01149
DB00007,DB01183
DB00007,DB01222
DB00007,DB05676
DB00007,DB06228
DB00007,DB08899
DB00007,DB08904
DB00007,DB09118
DB00007,DB11901
DB00007,DB15593
DB00007,DB00454
DB00007,DB00813
DB00007,DB08996
DB00007,DB13987
DB00007,DB04890
DB00007,DB04930
DB00007,DB09095
DB00007,DB00571
DB00007,DB00479
DB00007,DB00684
DB00007,DB00798
DB00007,DB00955
DB00007,DB00994
DB00007,DB01082
DB00007,DB01172
DB00007,DB03615
DB00007,DB04729
DB00007,DB06696
DB00007,DB12604
DB00007,DB13540
DB00007,DB00552
DB00007,DB13145
DB00007,DB00314
DB00007,DB00390
DB00007,DB00512
DB00007,DB00515
DB00007,DB00642
DB00007,DB12615
DB00007,DB14509
DB00007,DB00564
DB00007,DB00682
DB00007,DB00803
DB00007,DB00384
DB00007,DB00742
DB00007,DB00903
DB00007,DB00524
DB00007,DB00695
DB00007,DB09338
DB00007,DB00214
DB00007,DB00232
DB00007,DB00310
DB00007,DB00311
DB00007,DB00421
DB00007,DB00436
DB00007,DB00562
DB00007,DB00594
DB00007,DB00606
DB00007,DB00774
DB00007,DB00880
DB00007,DB01021
DB00007,DB01144
DB00007,DB01324
DB00007,DB01325
DB00007,DB01412
DB00007,DB02925
DB00007,DB04831
DB00007,DB05034
DB00007,DB08961
DB00007,DB09015
DB00007,DB09125
DB00007,DB09401
DB00007,DB12221
DB00007,DB12670
DB00007,DB12704
DB00007,DB13284
DB00007,DB13405
DB00007,DB13430
DB00007,DB13532
DB00007,DB13617
DB00007,DB13663
DB00007,DB13708
DB00007,DB13792
DB00007,DB13801
DB00007,DB13803
DB00007,DB13989
DB00007,DB14018
DB00007,DB14500
DB00007,DB00703
DB00007,DB00700
DB00007,DB00819
DB00007,DB00872
DB00007,DB01395
DB00007,DB06212
DB00007,DB06370
DB00007,DB01345
DB00007,DB15861
DB00007,DB15959
DB00007,DB00052
DB00007,DB00080
DB00007,DB00175
DB00007,DB00181
DB00007,DB00242
DB00007,DB00382
DB00007,DB00389
DB00007,DB00439
DB00007,DB00443
DB00007,DB00471
DB00007,DB00495
DB00007,DB00501
DB00007,DB00528
DB00007,DB00541
DB00007,DB00550
DB00007,DB00584
DB00007,DB00585
DB00007,DB00602
DB00007,DB00620
DB00007,DB00627
DB00007,DB00630
DB00007,DB00636
DB00007,DB00649
DB00007,DB00666
DB00007,DB00688
DB00007,DB00704
DB00007,DB00709
DB00007,DB00857
DB00007,DB00859
DB00007,DB00863
DB00007,DB00876
DB00007,DB00884
DB00007,DB00887
DB00007,DB00898
DB00007,DB00968
DB00007,DB00987
DB00007,DB01004
DB00007,DB01006
DB00007,DB01017
DB00007,DB01039
DB00007,DB01076
DB00007,DB01088
DB00007,DB01095
DB00007,DB01097
DB00007,DB01098
DB00007,DB01168
DB00007,DB01197
DB00007,DB01241
DB00007,DB01248
DB00007,DB01393
DB00007,DB02703
DB00007,DB05109
DB00007,DB06693
DB00007,DB06817
DB00007,DB08860
DB00007,DB08983
DB00007,DB09055
DB00007,DB09064
DB00007,DB09270
DB00007,DB12554
DB00007,DB13293
DB00007,DB13393
DB00007,DB13433
DB00007,DB13460
DB00007,DB13780
DB00007,DB13849
DB00007,DB13873
DB00007,DB00282
DB00007,DB00563
DB00007,DB00681
DB00007,DB00951
DB00007,DB00091
DB00007,DB00897
DB00007,DB01394
DB00007,DB00065
DB00007,DB00203
DB00007,DB00224
DB00007,DB00227
DB00007,DB00252
DB00007,DB00641
DB00007,DB01229
DB00007,DB01234
DB00007,DB09289
DB00007,DB00440
DB00007,DB00982
DB00007,DB00331
DB00007,DB00656
DB00007,DB11986
DB00007,DB11642
DB00007,DB12825
DB00007,DB00557
DB00007,DB00246
DB00007,DB00502
DB00007,DB00472
DB00007,DB00875
DB00007,DB12016
DB00007,DB06288
DB00007,DB08894
DB00007,DB00012
DB00007,DB00016
DB00007,DB09107
DB00007,DB12265
DB00007,DB16390
DB00008,DB06643
DB00008,DB00005
DB00008,DB00011
DB00008,DB00018
DB00008,DB00022
DB00008,DB00026
DB00008,DB00033
DB00008,DB00034
DB00008,DB00051
DB00008,DB00056
DB00008,DB00059
DB00008,DB00065
DB00008,DB00068
DB00008,DB00069
DB00008,DB00073
DB00008,DB00074
DB00008,DB00075
DB00008,DB00078
DB00008,DB00081
DB00008,DB00087
DB00008,DB00092
DB00008,DB00095
DB00008,DB00098
DB00008,DB00105
DB00008,DB00111
DB00008,DB00120
DB00008,DB00180
DB00008,DB00188
DB00008,DB00242
DB00008,DB00262
DB00008,DB00276
DB00008,DB00290
DB00008,DB00291
DB00008,DB00293
DB00008,DB00305
DB00008,DB00307
DB00008,DB00309
DB00008,DB00322
DB00008,DB00328
DB00008,DB00352
DB00008,DB00361
DB00008,DB00380
DB00008,DB00394
DB00008,DB00398
DB00008,DB00428
DB00008,DB00432
DB00008,DB00441
DB00008,DB00443
DB00008,DB00444
DB00008,DB00445
DB00008,DB00446
DB00008,DB00480
DB00008,DB00488
DB00008,DB00515
DB00008,DB00526
DB00008,DB00531
DB00008,DB00541
DB00008,DB00544
DB00008,DB00550
DB00008,DB00552
DB00008,DB00563
DB00008,DB00564
DB00008,DB00570
DB00008,DB00588
DB00008,DB00591
DB00008,DB00601
DB00008,DB00619
DB00008,DB00620
DB00008,DB00631
DB00008,DB00635
DB00008,DB00642
DB00008,DB00687
DB00008,DB00688
DB00008,DB00694
DB00008,DB00755
DB00008,DB00762
DB00008,DB00763
DB00008,DB00773
DB00008,DB00795
DB00008,DB00851
DB00008,DB00853
DB00008,DB00859
DB00008,DB00860
DB00008,DB00877
DB00008,DB00888
DB00008,DB00928
DB00008,DB00958
DB00008,DB00959
DB00008,DB00970
DB00008,DB00987
DB00008,DB00993
DB00008,DB00997
DB00008,DB01005
DB00008,DB01008
DB00008,DB01024
DB00008,DB01030
DB00008,DB01033
DB00008,DB01041
DB00008,DB01042
DB00008,DB01073
DB00008,DB01099
DB00008,DB01101
DB00008,DB01108
DB00008,DB01168
DB00008,DB01169
DB00008,DB01177
DB00008,DB01181
DB00008,DB01196
DB00008,DB01204
DB00008,DB01206
DB00008,DB01222
DB00008,DB01229
DB00008,DB01234
DB00008,DB01248
DB00008,DB01254
DB00008,DB01257
DB00008,DB01262
DB00008,DB01268
DB00008,DB01280
DB00008,DB01281
DB00008,DB01285
DB00008,DB01380
DB00008,DB01384
DB00008,DB01410
DB00008,DB01423
DB00008,DB01590
DB00008,DB01611
DB00008,DB01816
DB00008,DB02546
DB00008,DB02806
DB00008,DB03523
DB00008,DB04572
DB00008,DB04630
DB00008,DB04845
DB00008,DB04868
DB00008,DB04951
DB00008,DB04956
DB00008,DB05015
DB00008,DB05109
DB00008,DB05258
DB00008,DB05259
DB00008,DB05260
DB00008,DB05459
DB00008,DB05472
DB00008,DB05676
DB00008,DB05773
DB00008,DB06168
DB00008,DB06273
DB00008,DB06287
DB00008,DB06372
DB00008,DB06589
DB00008,DB06603
DB00008,DB06612
DB00008,DB06616
DB00008,DB06662
DB00008,DB06674
DB00008,DB06681
DB00008,DB06769
DB00008,DB06772
DB00008,DB06813
DB00008,DB08059
DB00008,DB08870
DB00008,DB08871
DB00008,DB08877
DB00008,DB08879
DB00008,DB08880
DB00008,DB08889
DB00008,DB08901
DB00008,DB08904
DB00008,DB08906
DB00008,DB08908
DB00008,DB08910
DB00008,DB08935
DB00008,DB08970
DB00008,DB09029
DB00008,DB09033
DB00008,DB09036
DB00008,DB09052
DB00008,DB09053
DB00008,DB09054
DB00008,DB09073
DB00008,DB09074
DB00008,DB09077
DB00008,DB09082
DB00008,DB09091
DB00008,DB09122
DB00008,DB09312
DB00008,DB09378
DB00008,DB09383
DB00008,DB11466
DB00008,DB11487
DB00008,DB11529
DB00008,DB11569
DB00008,DB11580
DB00008,DB11616
DB00008,DB11693
DB00008,DB11708
DB00008,DB11767
DB00008,DB11776
DB00008,DB11803
DB00008,DB11817
DB00008,DB11834
DB00008,DB11921
DB00008,DB11988
DB00008,DB12025
DB00008,DB12371
DB00008,DB12612
DB00008,DB12617
DB00008,DB12692
DB00008,DB12814
DB00008,DB12902
DB00008,DB12947
DB00008,DB12991
DB00008,DB12996
DB00008,DB13003
DB00008,DB13014
DB00008,DB13068
DB00008,DB13208
DB00008,DB13223
DB00008,DB13241
DB00008,DB13491
DB00008,DB13843
DB00008,DB13856
DB00008,DB13867
DB00008,DB14066
DB00008,DB14219
DB00008,DB14512
DB00008,DB14539
DB00008,DB14545
DB00008,DB14724
DB00008,DB14762
DB00008,DB14919
DB00008,DB15253
DB00008,DB01013
DB00008,DB01047
DB00008,DB14540
DB00008,DB00547
DB00008,DB00764
DB00008,DB08971
DB00008,DB00324
DB00008,DB09095
DB00008,DB15091
DB00008,DB12016
DB00008,DB03451
DB00008,DB15628
DB00008,DB15646
DB00008,DB00108
DB00008,DB00337
DB00008,DB01656
DB00008,DB06688
DB00008,DB00041
DB00008,DB00363
DB00008,DB00333
DB00008,DB01265
DB00008,DB00495
DB00008,DB00315
DB00008,DB01015
DB00008,DB04817
DB00008,DB01097
DB00008,DB08895
DB00008,DB00072
DB00008,DB00019
DB00008,DB00061
DB00008,DB00082
DB00008,DB01839
DB00008,DB03394
DB00008,DB04895
DB00008,DB05202
DB00008,DB05321
DB00008,DB05860
DB00008,DB06022
DB00008,DB06293
DB00008,DB06325
DB00008,DB06611
DB00008,DB06811
DB00008,DB09208
DB00008,DB09287
DB00008,DB09329
DB00008,DB11567
DB00008,DB11661
DB00008,DB11707
DB00008,DB12258
DB00008,DB12578
DB00008,DB12839
DB00008,DB12842
DB00008,DB13933
DB00008,DB14700
DB00008,DB14712
DB00008,DB08868
DB00008,DB00864
DB00008,DB00201
DB00008,DB00651
DB00008,DB00806
DB00008,DB01303
DB00008,DB01412
DB00008,DB01482
DB00008,DB01667
DB00008,DB01978
DB00008,DB02134
DB00008,DB02245
DB00008,DB02377
DB00008,DB02489
DB00008,DB02568
DB00008,DB04076
DB00008,DB04356
DB00008,DB06479
DB00008,DB06575
DB00008,DB07954
DB00008,DB08844
DB00008,DB09273
DB00008,DB11919
DB00008,DB12406
DB00008,DB12531
DB00008,DB12926
DB00008,DB12927
DB00008,DB13203
DB00008,DB13449
DB00008,DB13573
DB00008,DB13592
DB00008,DB13634
DB00008,DB13812
DB00008,DB14018
DB00008,DB14029
DB00008,DB14132
DB00008,DB15122
DB00008,DB00390
DB00008,DB00511
DB00008,DB01078
DB00008,DB01092
DB00008,DB01396
DB00008,DB12843
DB00008,DB13240
DB00008,DB13307
DB00008,DB13401
DB00008,DB13467
DB00008,DB13537
DB00008,DB13691
DB00008,DB13756
DB00008,DB01217
DB00008,DB06013
DB00008,DB06171
DB00008,DB13809
DB00008,DB06366
DB00008,DB00112
DB00008,DB04914
DB00008,DB05144
DB00008,DB05325
DB00008,DB05374
DB00008,DB05440
DB00008,DB05942
DB00008,DB06400
DB00008,DB06584
DB00008,DB09057
DB00008,DB10062
DB00008,DB10076
DB00008,DB10276
DB00008,DB10283
DB00008,DB10342
DB00008,DB10583
DB00008,DB10584
DB00008,DB10600
DB00008,DB10769
DB00008,DB10794
DB00008,DB10803
DB00008,DB10989
DB00008,DB10990
DB00008,DB11038
DB00008,DB11040
DB00008,DB11041
DB00008,DB11044
DB00008,DB11603
DB00008,DB11627
DB00008,DB12568
DB00008,DB14022
DB00008,DB14384
DB00008,DB14385
DB00008,DB14394
DB00008,DB14445
DB00008,DB14449
DB00008,DB14619
DB00008,DB14620
DB00008,DB14711
DB00008,DB15274
DB00008,DB15461
DB00008,DB13924
DB00008,DB15483
DB00008,DB15595
DB00008,DB15654
DB00008,DB10315
DB00008,DB00054
DB00008,DB00063
DB00008,DB00208
DB00008,DB00775
DB00008,DB00945
DB00008,DB00975
DB00008,DB01088
DB00008,DB01138
DB00008,DB01207
DB00008,DB01236
DB00008,DB01240
DB00008,DB04743
DB00008,DB04905
DB00008,DB04932
DB00008,DB05229
DB00008,DB05266
DB00008,DB05767
DB00008,DB06081
DB00008,DB06209
DB00008,DB06441
DB00008,DB07615
DB00008,DB08814
DB00008,DB08816
DB00008,DB08887
DB00008,DB09030
DB00008,DB09283
DB00008,DB12092
DB00008,DB12163
DB00008,DB12321
DB00008,DB12445
DB00008,DB12465
DB00008,DB12545
DB00008,DB12749
DB00008,DB12771
DB00008,DB13036
DB00008,DB13327
DB00008,DB13367
DB00008,DB13400
DB00008,DB13510
DB00008,DB13929
DB00008,DB15786
DB00008,DB02709
DB00008,DB13200
DB00008,DB10318
DB00008,DB10317
DB00008,DB10343
DB00008,DB10804
DB00008,DB10805
DB00008,DB11003
DB00008,DB11050
DB00008,DB12386
DB00008,DB12768
DB00008,DB14409
DB00008,DB14443
DB00008,DB14685
DB00008,DB00039
DB00008,DB00176
DB00008,DB00195
DB00008,DB00280
DB00008,DB00281
DB00008,DB00286
DB00008,DB00296
DB00008,DB00316
DB00008,DB00334
DB00008,DB00356
DB00008,DB00365
DB00008,DB00370
DB00008,DB00379
DB00008,DB00382
DB00008,DB00384
DB00008,DB00420
DB00008,DB00425
DB00008,DB00442
DB00008,DB00461
DB00008,DB00468
DB00008,DB00472
DB00008,DB00477
DB00008,DB00499
DB00008,DB00502
DB00008,DB00518
DB00008,DB00533
DB00008,DB00568
DB00008,DB00571
DB00008,DB00586
DB00008,DB00629
DB00008,DB00661
DB00008,DB00715
DB00008,DB00730
DB00008,DB00740
DB00008,DB00744
DB00008,DB00758
DB00008,DB00783
DB00008,DB00787
DB00008,DB00788
DB00008,DB00831
DB00008,DB00850
DB00008,DB00857
DB00008,DB00863
DB00008,DB00898
DB00008,DB00934
DB00008,DB00969
DB00008,DB00978
DB00008,DB00980
DB00008,DB00998
DB00008,DB01002
DB00008,DB01012
DB00008,DB01037
DB00008,DB01056
DB00008,DB01058
DB00008,DB01065
DB00008,DB01087
DB00008,DB01094
DB00008,DB01115
DB00008,DB01136
DB00008,DB01166
DB00008,DB01182
DB00008,DB01184
DB00008,DB01191
DB00008,DB01367
DB00008,DB01405
DB00008,DB01424
DB00008,DB01435
DB00008,DB01558
DB00008,DB01623
DB00008,DB01628
DB00008,DB01645
DB00008,DB03783
DB00008,DB04574
DB00008,DB04841
DB00008,DB04871
DB00008,DB04948
DB00008,DB06148
DB00008,DB06210
DB00008,DB06216
DB00008,DB06235
DB00008,DB06292
DB00008,DB06594
DB00008,DB06770
DB00008,DB06774
DB00008,DB08496
DB00008,DB08883
DB00008,DB09071
DB00008,DB09118
DB00008,DB09225
DB00008,DB09288
DB00008,DB09290
DB00008,DB11967
DB00008,DB12026
DB00008,DB12245
DB00008,DB12332
DB00008,DB12945
DB00008,DB13952
DB00008,DB13953
DB00008,DB13954
DB00008,DB13955
DB00008,DB13956
DB00008,DB11757
DB00008,DB00972
DB00008,DB00625
DB00008,DB01233
DB00008,DB04889
DB00008,DB05708
DB00008,DB01195
DB00008,DB00977
DB00008,DB00321
DB00008,DB01142
DB00008,DB00532
DB00008,DB00924
DB00008,DB11689
DB00008,DB00299
DB00008,DB00574
DB00008,DB00784
DB00008,DB00904
DB00008,DB09241
DB00008,DB01086
DB00008,DB00675
DB00008,DB00277
DB00008,DB00682
DB00008,DB00697
DB00008,DB01100
DB00008,DB01223
DB00008,DB01418
DB00008,DB00261
DB00008,DB00530
DB00008,DB06626
DB00008,DB09256
DB00008,DB13874
DB00008,DB00458
DB00008,DB00575
DB00008,DB01242
DB00008,DB00001
DB00008,DB00006
DB00008,DB00009
DB00008,DB00013
DB00008,DB00015
DB00008,DB00029
DB00008,DB00031
DB00008,DB00055
DB00008,DB00086
DB00008,DB00266
DB00008,DB00278
DB00008,DB00407
DB00008,DB00498
DB00008,DB00569
DB00008,DB00686
DB00008,DB00946
DB00008,DB01109
DB00008,DB01225
DB00008,DB03410
DB00008,DB04665
DB00008,DB04898
DB00008,DB04925
DB00008,DB05099
DB00008,DB05254
DB00008,DB06228
DB00008,DB06271
DB00008,DB06294
DB00008,DB06406
DB00008,DB06543
DB00008,DB06605
DB00008,DB06635
DB00008,DB06679
DB00008,DB06695
DB00008,DB06754
DB00008,DB06779
DB00008,DB06822
DB00008,DB07767
DB00008,DB08794
DB00008,DB08813
DB00008,DB08994
DB00008,DB09075
DB00008,DB09125
DB00008,DB09154
DB00008,DB09255
DB00008,DB09258
DB00008,DB09260
DB00008,DB11095
DB00008,DB11154
DB00008,DB11166
DB00008,DB11312
DB00008,DB11598
DB00008,DB11984
DB00008,DB12289
DB00008,DB12364
DB00008,DB12598
DB00008,DB12726
DB00008,DB12831
DB00008,DB13136
DB00008,DB13149
DB00008,DB13199
DB00008,DB13275
DB00008,DB13347
DB00008,DB13451
DB00008,DB13616
DB00008,DB13646
DB00008,DB14055
DB00008,DB14094
DB00008,DB14598
DB00008,DB14726
DB00008,DB13124
DB00008,DB00974
DB00008,DB09259
DB00008,DB15880
DB00008,DB05361
DB00008,DB16481
DB00008,DB00232
DB00008,DB00436
DB00008,DB00562
DB00008,DB00606
DB00008,DB00774
DB00008,DB00880
DB00008,DB00999
DB00008,DB01021
DB00008,DB01324
DB00008,DB13430
DB00008,DB13532
DB00008,DB15861
DB00008,DB09042
DB00008,DB00091
DB00008,DB00268
DB00008,DB00115
DB00008,DB00437
DB00008,DB12978
DB00008,DB14513
DB00008,DB01601
DB00008,DB12530
DB00008,DB00875
DB00008,DB16648
DB00008,DB08894
DB00008,DB09107
DB00008,DB00012
DB00008,DB00016
DB00008,DB12265
DB00008,DB16736
DB00008,DB16611
DB00008,DB15119
DB00008,DB15810
DB00009,DB06605
DB00009,DB06695
DB00009,DB01254
DB00009,DB01609
DB00009,DB01586
DB00009,DB02123
DB00009,DB02659
DB00009,DB02691
DB00009,DB03619
DB00009,DB04348
DB00009,DB05990
DB00009,DB06777
DB00009,DB08833
DB00009,DB08834
DB00009,DB08857
DB00009,DB11622
DB00009,DB11789
DB00009,DB09075
DB00009,DB09053
DB00009,DB08935
DB00009,DB06228
DB00009,DB06206
DB00009,DB09070
DB00009,DB00932
DB00009,DB00013
DB00009,DB00163
DB00009,DB09030
DB00009,DB06692
DB00009,DB00727
DB00009,DB01381
DB00009,DB01181
DB00009,DB00468
DB00009,DB00908
DB00009,DB00675
DB00009,DB00539
DB00009,DB00806
DB00009,DB00686
DB00009,DB00583
DB00009,DB00255
DB00009,DB00269
DB00009,DB00286
DB00009,DB01357
DB00009,DB04574
DB00009,DB04575
DB00009,DB07931
DB00009,DB09317
DB00009,DB09318
DB00009,DB09369
DB00009,DB09381
DB00009,DB11478
DB00009,DB11674
DB00009,DB13143
DB00009,DB13386
DB00009,DB13418
DB00009,DB13952
DB00009,DB13953
DB00009,DB13954
DB00009,DB13956
DB00009,DB15334
DB00009,DB15335
DB00009,DB04573
DB00009,DB00159
DB00009,DB00244
DB00009,DB00328
DB00009,DB00461
DB00009,DB00465
DB00009,DB00469
DB00009,DB00482
DB00009,DB00500
DB00009,DB00533
DB00009,DB00554
DB00009,DB00573
DB00009,DB00580
DB00009,DB00586
DB00009,DB00605
DB00009,DB00712
DB00009,DB00749
DB00009,DB00784
DB00009,DB00788
DB00009,DB00795
DB00009,DB00812
DB00009,DB00814
DB00009,DB00821
DB00009,DB00861
DB00009,DB00936
DB00009,DB00939
DB00009,DB00991
DB00009,DB01009
DB00009,DB01014
DB00009,DB01250
DB00009,DB01283
DB00009,DB01397
DB00009,DB01399
DB00009,DB01401
DB00009,DB01419
DB00009,DB01424
DB00009,DB01435
DB00009,DB01600
DB00009,DB01628
DB00009,DB02224
DB00009,DB03585
DB00009,DB04725
DB00009,DB04812
DB00009,DB04817
DB00009,DB04828
DB00009,DB05095
DB00009,DB06725
DB00009,DB06736
DB00009,DB06737
DB00009,DB07402
DB00009,DB08439
DB00009,DB08797
DB00009,DB08940
DB00009,DB08942
DB00009,DB08951
DB00009,DB08955
DB00009,DB08976
DB00009,DB08981
DB00009,DB08984
DB00009,DB08991
DB00009,DB09084
DB00009,DB09214
DB00009,DB09215
DB00009,DB09216
DB00009,DB09217
DB00009,DB09218
DB00009,DB09285
DB00009,DB09288
DB00009,DB09295
DB00009,DB11455
DB00009,DB11466
DB00009,DB11518
DB00009,DB12399
DB00009,DB12610
DB00009,DB13001
DB00009,DB13167
DB00009,DB13217
DB00009,DB13232
DB00009,DB13286
DB00009,DB13314
DB00009,DB13371
DB00009,DB13407
DB00009,DB13432
DB00009,DB13481
DB00009,DB13524
DB00009,DB13527
DB00009,DB13538
DB00009,DB13544
DB00009,DB13612
DB00009,DB13629
DB00009,DB13649
DB00009,DB13657
DB00009,DB13722
DB00009,DB13860
DB00009,DB14059
DB00009,DB14060
DB00009,DB14938
DB00009,DB09212
DB00009,DB04552
DB00009,DB04865
DB00009,DB11133
DB00009,DB00081
DB00009,DB09211
DB00009,DB00048
DB00009,DB00389
DB00009,DB00550
DB00009,DB00763
DB00009,DB03374
DB00009,DB06715
DB00009,DB07637
DB00009,DB09418
DB00009,DB13644
DB00009,DB13804
DB00009,DB04066
DB00009,DB04682
DB00009,DB05830
DB00009,DB06266
DB00009,DB08867
DB00009,DB11507
DB00009,DB12025
DB00009,DB13044
DB00009,DB00294
DB00009,DB00378
DB00009,DB00396
DB00009,DB01431
DB00009,DB06713
DB00009,DB06789
DB00009,DB09124
DB00009,DB11372
DB00009,DB11636
DB00009,DB13230
DB00009,DB13533
DB00009,DB13602
DB00009,DB13866
DB00009,DB14570
DB00009,DB14679
DB00009,DB00233
DB00009,DB01294
DB00009,DB06251
DB00009,DB06807
DB00009,DB09543
DB00009,DB11079
DB00009,DB13509
DB00009,DB14006
DB00009,DB14026
DB00009,DB00054
DB00009,DB00063
DB00009,DB00208
DB00009,DB00261
DB00009,DB00758
DB00009,DB00775
DB00009,DB00975
DB00009,DB01088
DB00009,DB01138
DB00009,DB01166
DB00009,DB01207
DB00009,DB01236
DB00009,DB01240
DB00009,DB02709
DB00009,DB04743
DB00009,DB04905
DB00009,DB04932
DB00009,DB05229
DB00009,DB05266
DB00009,DB05767
DB00009,DB06081
DB00009,DB06209
DB00009,DB06441
DB00009,DB07615
DB00009,DB08814
DB00009,DB08816
DB00009,DB08887
DB00009,DB09283
DB00009,DB12092
DB00009,DB12163
DB00009,DB12321
DB00009,DB12445
DB00009,DB12465
DB00009,DB12545
DB00009,DB12749
DB00009,DB12771
DB00009,DB13036
DB00009,DB13327
DB00009,DB13367
DB00009,DB13400
DB00009,DB13510
DB00009,DB13929
DB00009,DB15786
DB00009,DB00374
DB00009,DB03404
DB00009,DB13783
DB00009,DB00624
DB00009,DB01420
DB00009,DB01481
DB00009,DB01485
DB00009,DB01510
DB00009,DB01541
DB00009,DB01543
DB00009,DB01564
DB00009,DB01569
DB00009,DB01572
DB00009,DB07447
DB00009,DB08619
DB00009,DB11429
DB00009,DB13943
DB00009,DB13944
DB00009,DB13946
DB00009,DB13947
DB00009,DB13951
DB00009,DB13958
DB00009,DB14093
DB00009,DB14655
DB00009,DB02901
DB00009,DB11051
DB00009,DB09568
DB00009,DB00258
DB00009,DB01164
DB00009,DB01373
DB00009,DB11126
DB00009,DB11608
DB00009,DB13884
DB00009,DB13923
DB00009,DB14738
DB00009,DB00025
DB00009,DB00036
DB00009,DB00100
DB00009,DB01783
DB00009,DB01942
DB00009,DB02261
DB00009,DB06724
DB00009,DB09109
DB00009,DB09222
DB00009,DB09310
DB00009,DB09329
DB00009,DB11093
DB00009,DB11168
DB00009,DB11311
DB00009,DB11330
DB00009,DB11348
DB00009,DB11606
DB00009,DB11668
DB00009,DB12409
DB00009,DB12909
DB00009,DB13133
DB00009,DB13148
DB00009,DB13150
DB00009,DB13151
DB00009,DB13152
DB00009,DB13192
DB00009,DB13197
DB00009,DB13201
DB00009,DB13933
DB00009,DB13999
DB00009,DB14473
DB00009,DB14562
DB00009,DB14577
DB00009,DB14700
DB00009,DB00176
DB00009,DB00215
DB00009,DB00472
DB00009,DB00715
DB00009,DB01149
DB00009,DB04832
DB00009,DB04884
DB00009,DB06731
DB00009,DB08953
DB00009,DB12693
DB00009,DB13233
DB00009,DB00476
DB00009,DB01105
DB00009,DB04896
DB00009,DB06700
DB00009,DB08918
DB00009,DB00285
DB00009,DB00601
DB00009,DB00614
DB00009,DB00721
DB00009,DB00752
DB00009,DB00780
DB00009,DB00805
DB00009,DB01037
DB00009,DB01168
DB00009,DB01171
DB00009,DB01247
DB00009,DB01367
DB00009,DB01626
DB00009,DB04017
DB00009,DB04818
DB00009,DB04820
DB00009,DB06654
DB00009,DB08550
DB00009,DB09241
DB00009,DB09243
DB00009,DB09244
DB00009,DB09245
DB00009,DB09246
DB00009,DB09248
DB00009,DB09249
DB00009,DB09250
DB00009,DB09251
DB00009,DB09252
DB00009,DB09253
DB00009,DB09254
DB00009,DB13875
DB00009,DB13876
DB00009,DB00006
DB00009,DB00266
DB00009,DB00278
DB00009,DB00407
DB00009,DB00498
DB00009,DB00569
DB00009,DB00682
DB00009,DB00946
DB00009,DB00974
DB00009,DB01109
DB00009,DB01225
DB00009,DB01418
DB00009,DB04898
DB00009,DB05099
DB00009,DB06271
DB00009,DB06406
DB00009,DB06635
DB00009,DB06754
DB00009,DB06779
DB00009,DB07767
DB00009,DB08794
DB00009,DB08813
DB00009,DB09255
DB00009,DB11095
DB00009,DB11268
DB00009,DB11312
DB00009,DB11598
DB00009,DB11984
DB00009,DB12289
DB00009,DB12598
DB00009,DB12831
DB00009,DB13124
DB00009,DB13136
DB00009,DB13149
DB00009,DB13616
DB00009,DB09125
DB00009,DB09154
DB00009,DB00031
DB00009,DB00055
DB00009,DB06822
DB00009,DB13199
DB00009,DB13646
DB00009,DB00086
DB00009,DB04925
DB00009,DB05254
DB00009,DB06543
DB00009,DB08994
DB00009,DB09258
DB00009,DB09260
DB00009,DB13275
DB00009,DB13347
DB00009,DB13451
DB00009,DB00001
DB00009,DB00015
DB00009,DB00029
DB00009,DB14094
DB00009,DB06679
DB00009,DB03410
DB00009,DB08496
DB00009,DB14055
DB00009,DB12364
DB00009,DB14598
DB00009,DB11154
DB00009,DB11166
DB00009,DB04665
DB00009,DB14726
DB00009,DB06294
DB00009,DB12726
DB00009,DB09259
DB00009,DB15880
DB00009,DB05361
DB00009,DB16481
DB00009,DB00177
DB00009,DB00178
DB00009,DB00230
DB00009,DB00492
DB00009,DB00519
DB00009,DB00542
DB00009,DB00584
DB00009,DB00678
DB00009,DB00691
DB00009,DB00722
DB00009,DB00790
DB00009,DB00876
DB00009,DB00877
DB00009,DB00881
DB00009,DB00886
DB00009,DB00966
DB00009,DB01050
DB00009,DB01180
DB00009,DB01197
DB00009,DB01261
DB00009,DB01340
DB00009,DB01342
DB00009,DB01347
DB00009,DB01348
DB00009,DB04876
DB00009,DB06011
DB00009,DB06127
DB00009,DB06196
DB00009,DB06203
DB00009,DB06245
DB00009,DB06287
DB00009,DB06335
DB00009,DB08382
DB00009,DB08822
DB00009,DB08836
DB00009,DB08882
DB00009,DB09292
DB00009,DB09477
DB00009,DB11723
DB00009,DB11783
DB00009,DB11950
DB00009,DB11992
DB00009,DB12268
DB00009,DB12412
DB00009,DB12417
DB00009,DB12625
DB00009,DB13166
DB00009,DB13312
DB00009,DB14125
DB00009,DB14207
DB00009,DB14208
DB00009,DB14209
DB00009,DB14210
DB00009,DB14213
DB00009,DB14217
DB00009,DB14231
DB00009,DB00203
DB00009,DB00008
DB00009,DB00011
DB00009,DB00018
DB00009,DB00022
DB00009,DB00033
DB00009,DB00034
DB00009,DB00041
DB00009,DB00056
DB00009,DB00068
DB00009,DB00069
DB00009,DB00073
DB00009,DB00078
DB00009,DB00087
DB00009,DB00105
DB00009,DB00120
DB00009,DB00188
DB00009,DB00242
DB00009,DB00262
DB00009,DB00276
DB00009,DB00291
DB00009,DB00293
DB00009,DB00305
DB00009,DB00307
DB00009,DB00309
DB00009,DB00322
DB00009,DB00352
DB00009,DB00361
DB00009,DB00380
DB00009,DB00398
DB00009,DB00428
DB00009,DB00441
DB00009,DB00444
DB00009,DB00445
DB00009,DB00446
DB00009,DB00480
DB00009,DB00488
DB00009,DB00495
DB00009,DB00515
DB00009,DB00526
DB00009,DB00531
DB00009,DB00544
DB00009,DB00552
DB00009,DB00563
DB00009,DB00564
DB00009,DB00570
DB00009,DB00619
DB00009,DB00631
DB00009,DB00642
DB00009,DB00694
DB00009,DB00762
DB00009,DB00773
DB00009,DB00851
DB00009,DB00853
DB00009,DB00859
DB00009,DB00864
DB00009,DB00888
DB00009,DB00928
DB00009,DB00958
DB00009,DB00970
DB00009,DB00987
DB00009,DB00997
DB00009,DB01005
DB00009,DB01008
DB00009,DB01030
DB00009,DB01033
DB00009,DB01041
DB00009,DB01042
DB00009,DB01073
DB00009,DB01099
DB00009,DB01101
DB00009,DB01169
DB00009,DB01177
DB00009,DB01204
DB00009,DB01206
DB00009,DB01229
DB00009,DB01248
DB00009,DB01262
DB00009,DB01280
DB00009,DB01590
DB00009,DB02546
DB00009,DB04572
DB00009,DB04845
DB00009,DB04868
DB00009,DB05015
DB00009,DB05109
DB00009,DB05258
DB00009,DB05472
DB00009,DB05773
DB00009,DB06616
DB00009,DB06769
DB00009,DB06772
DB00009,DB08871
DB00009,DB08877
DB00009,DB08889
DB00009,DB08895
DB00009,DB08901
DB00009,DB08910
DB00009,DB09042
DB00009,DB09052
DB00009,DB09073
DB00009,DB09074
DB00009,DB09077
DB00009,DB09122
DB00009,DB12814
DB00009,DB00229
DB00009,DB00267
DB00009,DB00274
DB00009,DB00430
DB00009,DB00438
DB00009,DB00447
DB00009,DB00456
DB00009,DB00493
DB00009,DB00535
DB00009,DB00567
DB00009,DB00671
DB00009,DB00689
DB00009,DB00833
DB00009,DB00923
DB00009,DB01066
DB00009,DB01112
DB00009,DB01139
DB00009,DB01140
DB00009,DB01150
DB00009,DB01212
DB00009,DB01326
DB00009,DB01327
DB00009,DB01328
DB00009,DB01329
DB00009,DB01330
DB00009,DB01331
DB00009,DB01332
DB00009,DB01333
DB00009,DB01413
DB00009,DB01414
DB00009,DB01415
DB00009,DB01416
DB00009,DB04570
DB00009,DB04918
DB00009,DB06590
DB00009,DB09008
DB00009,DB09050
DB00009,DB09062
DB00009,DB11367
DB00009,DB11935
DB00009,DB13266
DB00009,DB13461
DB00009,DB13470
DB00009,DB13499
DB00009,DB13504
DB00009,DB13638
DB00009,DB13667
DB00009,DB13682
DB00009,DB13778
DB00009,DB13821
DB00009,DB14725
DB00009,DB00254
DB00009,DB00207
DB00009,DB09539
DB00009,DB00945
DB00009,DB01606
DB00009,DB00199
DB00009,DB00656
DB00009,DB00620
DB00009,DB09079
DB00009,DB01175
DB00009,DB01104
DB00009,DB00232
DB00009,DB00436
DB00009,DB00562
DB00009,DB00606
DB00009,DB00774
DB00009,DB00880
DB00009,DB00999
DB00009,DB01021
DB00009,DB01324
DB00009,DB13430
DB00009,DB13532
DB00009,DB15861
DB00009,DB00058
DB00009,DB00170
DB00009,DB00302
DB00009,DB00513
DB00009,DB11091
DB00009,DB13244
DB00009,DB13729
DB00009,DB15944
DB00009,DB00783
DB00009,DB00977
DB00009,DB00834
DB00009,DB13310
DB00009,DB00304
DB00009,DB00351
DB00009,DB00367
DB00009,DB00603
DB00009,DB00717
DB00009,DB00823
DB00009,DB00957
DB00009,DB01395
DB00009,DB04839
DB00009,DB06730
DB00009,DB09123
DB00009,DB09371
DB00009,DB09389
DB00009,DB11619
DB00009,DB12474
DB00009,DB13528
DB00009,DB13563
DB00009,DB13685
DB00009,DB13857
DB00009,DB13981
DB00009,DB14678
DB00009,DB15775
DB00009,DB15903
DB00009,DB12235
DB00009,DB11201
DB00009,DB11323
DB00009,DB15119
DB00011,DB06643
DB00011,DB00005
DB00011,DB00008
DB00011,DB00018
DB00011,DB00022
DB00011,DB00026
DB00011,DB00033
DB00011,DB00034
DB00011,DB00041
DB00011,DB00051
DB00011,DB00056
DB00011,DB00059
DB00011,DB00065
DB00011,DB00068
DB00011,DB00069
DB00011,DB00073
DB00011,DB00074
DB00011,DB00075
DB00011,DB00078
DB00011,DB00081
DB00011,DB00087
DB00011,DB00092
DB00011,DB00095
DB00011,DB00098
DB00011,DB00105
DB00011,DB00111
DB00011,DB00120
DB00011,DB00180
DB00011,DB00188
DB00011,DB00242
DB00011,DB00262
DB00011,DB00276
DB00011,DB00290
DB00011,DB00291
DB00011,DB00293
DB00011,DB00305
DB00011,DB00307
DB00011,DB00309
DB00011,DB00322
DB00011,DB00328
DB00011,DB00352
DB00011,DB00361
DB00011,DB00380
DB00011,DB00394
DB00011,DB00398
DB00011,DB00428
DB00011,DB00432
DB00011,DB00441
DB00011,DB00443
DB00011,DB00444
DB00011,DB00445
DB00011,DB00446
DB00011,DB00480
DB00011,DB00488
DB00011,DB00495
DB00011,DB00515
DB00011,DB00526
DB00011,DB00531
DB00011,DB00541
DB00011,DB00544
DB00011,DB00550
DB00011,DB00552
DB00011,DB00563
DB00011,DB00564
DB00011,DB00570
DB00011,DB00588
DB00011,DB00591
DB00011,DB00601
DB00011,DB00619
DB00011,DB00620
DB00011,DB00631
DB00011,DB00635
DB00011,DB00642
DB00011,DB00687
DB00011,DB00688
DB00011,DB00694
DB00011,DB00755
DB00011,DB00762
DB00011,DB00763
DB00011,DB00773
DB00011,DB00795
DB00011,DB00851
DB00011,DB00853
DB00011,DB00859
DB00011,DB00860
DB00011,DB00877
DB00011,DB00888
DB00011,DB00928
DB00011,DB00958
DB00011,DB00959
DB00011,DB00970
DB00011,DB00987
DB00011,DB00993
DB00011,DB00997
DB00011,DB01005
DB00011,DB01008
DB00011,DB01024
DB00011,DB01030
DB00011,DB01033
DB00011,DB01041
DB00011,DB01042
DB00011,DB01073
DB00011,DB01099
DB00011,DB01101
DB00011,DB01108
DB00011,DB01168
DB00011,DB01169
DB00011,DB01177
DB00011,DB01181
DB00011,DB01196
DB00011,DB01204
DB00011,DB01206
DB00011,DB01222
DB00011,DB01229
DB00011,DB01234
DB00011,DB01248
DB00011,DB01254
DB00011,DB01257
DB00011,DB01262
DB00011,DB01268
DB00011,DB01280
DB00011,DB01281
DB00011,DB01285
DB00011,DB01380
DB00011,DB01384
DB00011,DB01410
DB00011,DB01423
DB00011,DB01590
DB00011,DB01611
DB00011,DB01816
DB00011,DB02546
DB00011,DB02806
DB00011,DB03523
DB00011,DB04572
DB00011,DB04630
DB00011,DB04845
DB00011,DB04868
DB00011,DB04951
DB00011,DB04956
DB00011,DB05015
DB00011,DB05109
DB00011,DB05258
DB00011,DB05259
DB00011,DB05260
DB00011,DB05459
DB00011,DB05472
DB00011,DB05676
DB00011,DB05773
DB00011,DB06168
DB00011,DB06273
DB00011,DB06287
DB00011,DB06372
DB00011,DB06589
DB00011,DB06603
DB00011,DB06612
DB00011,DB06616
DB00011,DB06662
DB00011,DB06674
DB00011,DB06681
DB00011,DB06769
DB00011,DB06772
DB00011,DB06813
DB00011,DB08059
DB00011,DB08870
DB00011,DB08871
DB00011,DB08877
DB00011,DB08879
DB00011,DB08880
DB00011,DB08889
DB00011,DB08901
DB00011,DB08904
DB00011,DB08906
DB00011,DB08908
DB00011,DB08910
DB00011,DB08935
DB00011,DB08970
DB00011,DB09029
DB00011,DB09033
DB00011,DB09036
DB00011,DB09052
DB00011,DB09053
DB00011,DB09054
DB00011,DB09073
DB00011,DB09074
DB00011,DB09077
DB00011,DB09082
DB00011,DB09091
DB00011,DB09122
DB00011,DB09312
DB00011,DB09378
DB00011,DB09383
DB00011,DB11466
DB00011,DB11487
DB00011,DB11529
DB00011,DB11569
DB00011,DB11580
DB00011,DB11616
DB00011,DB11693
DB00011,DB11708
DB00011,DB11767
DB00011,DB11776
DB00011,DB11803
DB00011,DB11817
DB00011,DB11834
DB00011,DB11921
DB00011,DB11988
DB00011,DB12025
DB00011,DB12371
DB00011,DB12612
DB00011,DB12617
DB00011,DB12692
DB00011,DB12814
DB00011,DB12902
DB00011,DB12947
DB00011,DB12991
DB00011,DB12996
DB00011,DB13003
DB00011,DB13014
DB00011,DB13068
DB00011,DB13208
DB00011,DB13223
DB00011,DB13241
DB00011,DB13491
DB00011,DB13843
DB00011,DB13856
DB00011,DB13867
DB00011,DB14066
DB00011,DB14219
DB00011,DB14512
DB00011,DB14539
DB00011,DB14545
DB00011,DB14724
DB00011,DB14762
DB00011,DB14919
DB00011,DB15253
DB00011,DB01013
DB00011,DB01047
DB00011,DB14540
DB00011,DB00547
DB00011,DB00764
DB00011,DB08971
DB00011,DB00324
DB00011,DB09095
DB00011,DB15091
DB00011,DB12016
DB00011,DB03451
DB00011,DB15628
DB00011,DB15646
DB00011,DB00108
DB00011,DB00337
DB00011,DB01656
DB00011,DB06688
DB00011,DB00363
DB00011,DB00315
DB00011,DB01015
DB00011,DB01097
DB00011,DB08895
DB00011,DB00072
DB00011,DB08868
DB00011,DB00864
DB00011,DB00201
DB00011,DB00651
DB00011,DB00806
DB00011,DB01303
DB00011,DB01412
DB00011,DB01482
DB00011,DB01667
DB00011,DB01978
DB00011,DB02134
DB00011,DB02245
DB00011,DB02377
DB00011,DB02489
DB00011,DB02568
DB00011,DB04076
DB00011,DB04356
DB00011,DB06479
DB00011,DB06575
DB00011,DB07954
DB00011,DB08844
DB00011,DB09273
DB00011,DB11919
DB00011,DB12406
DB00011,DB12531
DB00011,DB12926
DB00011,DB12927
DB00011,DB13203
DB00011,DB13449
DB00011,DB13573
DB00011,DB13592
DB00011,DB13634
DB00011,DB13812
DB00011,DB14018
DB00011,DB14029
DB00011,DB14132
DB00011,DB15122
DB00011,DB04914
DB00011,DB05144
DB00011,DB05325
DB00011,DB05374
DB00011,DB05440
DB00011,DB05942
DB00011,DB06400
DB00011,DB06584
DB00011,DB09057
DB00011,DB10062
DB00011,DB10076
DB00011,DB10276
DB00011,DB10283
DB00011,DB10342
DB00011,DB10583
DB00011,DB10584
DB00011,DB10600
DB00011,DB10769
DB00011,DB10794
DB00011,DB10803
DB00011,DB10989
DB00011,DB10990
DB00011,DB11038
DB00011,DB11040
DB00011,DB11041
DB00011,DB11044
DB00011,DB11603
DB00011,DB11627
DB00011,DB12568
DB00011,DB14022
DB00011,DB14384
DB00011,DB14385
DB00011,DB14394
DB00011,DB14445
DB00011,DB14449
DB00011,DB14619
DB00011,DB14620
DB00011,DB14711
DB00011,DB15274
DB00011,DB15461
DB00011,DB13924
DB00011,DB15483
DB00011,DB15595
DB00011,DB15654
DB00011,DB10315
DB00011,DB00054
DB00011,DB00063
DB00011,DB00208
DB00011,DB00775
DB00011,DB00945
DB00011,DB00975
DB00011,DB01088
DB00011,DB01138
DB00011,DB01207
DB00011,DB01236
DB00011,DB01240
DB00011,DB04743
DB00011,DB04905
DB00011,DB04932
DB00011,DB05229
DB00011,DB05266
DB00011,DB05767
DB00011,DB06081
DB00011,DB06209
DB00011,DB06441
DB00011,DB07615
DB00011,DB08814
DB00011,DB08816
DB00011,DB08887
DB00011,DB09030
DB00011,DB09283
DB00011,DB12092
DB00011,DB12163
DB00011,DB12321
DB00011,DB12445
DB00011,DB12465
DB00011,DB12545
DB00011,DB12749
DB00011,DB12771
DB00011,DB13036
DB00011,DB13327
DB00011,DB13367
DB00011,DB13400
DB00011,DB13510
DB00011,DB13929
DB00011,DB15786
DB00011,DB02709
DB00011,DB13200
DB00011,DB10318
DB00011,DB10317
DB00011,DB10343
DB00011,DB10804
DB00011,DB10805
DB00011,DB11003
DB00011,DB11050
DB00011,DB12386
DB00011,DB12768
DB00011,DB14409
DB00011,DB14443
DB00011,DB14685
DB00011,DB00039
DB00011,DB00176
DB00011,DB00195
DB00011,DB00280
DB00011,DB00281
DB00011,DB00286
DB00011,DB00296
DB00011,DB00316
DB00011,DB00334
DB00011,DB00356
DB00011,DB00365
DB00011,DB00370
DB00011,DB00379
DB00011,DB00382
DB00011,DB00384
DB00011,DB00420
DB00011,DB00425
DB00011,DB00442
DB00011,DB00461
DB00011,DB00468
DB00011,DB00472
DB00011,DB00477
DB00011,DB00499
DB00011,DB00502
DB00011,DB00518
DB00011,DB00533
DB00011,DB00568
DB00011,DB00571
DB00011,DB00586
DB00011,DB00629
DB00011,DB00661
DB00011,DB00715
DB00011,DB00730
DB00011,DB00740
DB00011,DB00744
DB00011,DB00758
DB00011,DB00783
DB00011,DB00787
DB00011,DB00788
DB00011,DB00831
DB00011,DB00850
DB00011,DB00857
DB00011,DB00863
DB00011,DB00898
DB00011,DB00934
DB00011,DB00969
DB00011,DB00978
DB00011,DB00980
DB00011,DB00998
DB00011,DB01002
DB00011,DB01012
DB00011,DB01037
DB00011,DB01056
DB00011,DB01058
DB00011,DB01065
DB00011,DB01087
DB00011,DB01094
DB00011,DB01115
DB00011,DB01136
DB00011,DB01166
DB00011,DB01182
DB00011,DB01184
DB00011,DB01191
DB00011,DB01367
DB00011,DB01405
DB00011,DB01424
DB00011,DB01435
DB00011,DB01558
DB00011,DB01623
DB00011,DB01628
DB00011,DB01645
DB00011,DB03783
DB00011,DB04574
DB00011,DB04841
DB00011,DB04871
DB00011,DB04948
DB00011,DB06148
DB00011,DB06210
DB00011,DB06216
DB00011,DB06235
DB00011,DB06292
DB00011,DB06594
DB00011,DB06770
DB00011,DB06774
DB00011,DB08496
DB00011,DB08883
DB00011,DB09071
DB00011,DB09118
DB00011,DB09225
DB00011,DB09288
DB00011,DB09290
DB00011,DB11967
DB00011,DB12026
DB00011,DB12245
DB00011,DB12332
DB00011,DB12945
DB00011,DB13952
DB00011,DB13953
DB00011,DB13954
DB00011,DB13955
DB00011,DB13956
DB00011,DB11757
DB00011,DB00972
DB00011,DB00625
DB00011,DB01233
DB00011,DB04889
DB00011,DB05708
DB00011,DB01195
DB00011,DB00977
DB00011,DB00321
DB00011,DB01142
DB00011,DB00532
DB00011,DB00924
DB00011,DB11689
DB00011,DB00299
DB00011,DB00574
DB00011,DB00784
DB00011,DB00904
DB00011,DB09241
DB00011,DB01086
DB00011,DB00277
DB00011,DB00682
DB00011,DB00697
DB00011,DB01100
DB00011,DB01223
DB00011,DB01418
DB00011,DB00261
DB00011,DB00530
DB00011,DB06626
DB00011,DB09256
DB00011,DB13874
DB00011,DB00675
DB00011,DB00458
DB00011,DB00575
DB00011,DB01242
DB00011,DB00001
DB00011,DB00006
DB00011,DB00009
DB00011,DB00013
DB00011,DB00015
DB00011,DB00029
DB00011,DB00031
DB00011,DB00055
DB00011,DB00086
DB00011,DB00266
DB00011,DB00278
DB00011,DB00407
DB00011,DB00498
DB00011,DB00569
DB00011,DB00686
DB00011,DB00946
DB00011,DB01109
DB00011,DB01225
DB00011,DB03410
DB00011,DB04665
DB00011,DB04898
DB00011,DB04925
DB00011,DB05099
DB00011,DB05254
DB00011,DB06228
DB00011,DB06271
DB00011,DB06294
DB00011,DB06406
DB00011,DB06543
DB00011,DB06605
DB00011,DB06635
DB00011,DB06679
DB00011,DB06695
DB00011,DB06754
DB00011,DB06779
DB00011,DB06822
DB00011,DB07767
DB00011,DB08794
DB00011,DB08813
DB00011,DB08994
DB00011,DB09075
DB00011,DB09125
DB00011,DB09154
DB00011,DB09255
DB00011,DB09258
DB00011,DB09260
DB00011,DB11095
DB00011,DB11154
DB00011,DB11166
DB00011,DB11312
DB00011,DB11598
DB00011,DB11984
DB00011,DB12289
DB00011,DB12364
DB00011,DB12598
DB00011,DB12726
DB00011,DB12831
DB00011,DB13136
DB00011,DB13149
DB00011,DB13199
DB00011,DB13275
DB00011,DB13347
DB00011,DB13451
DB00011,DB13616
DB00011,DB13646
DB00011,DB14055
DB00011,DB14094
DB00011,DB14598
DB00011,DB14726
DB00011,DB13124
DB00011,DB00974
DB00011,DB09259
DB00011,DB15880
DB00011,DB05361
DB00011,DB16481
DB00011,DB00232
DB00011,DB00436
DB00011,DB00562
DB00011,DB00606
DB00011,DB00774
DB00011,DB00880
DB00011,DB00999
DB00011,DB01021
DB00011,DB01324
DB00011,DB13430
DB00011,DB13532
DB00011,DB15861
DB00011,DB09042
DB00011,DB00091
DB00011,DB00268
DB00011,DB00115
DB00011,DB00437
DB00011,DB14513
DB00011,DB01601
DB00011,DB12530
DB00011,DB00875
DB00011,DB16648
DB00011,DB12265
DB00011,DB16736
DB00011,DB16611
DB00011,DB15119
DB00011,DB15810
DB00012,DB00531
DB00012,DB00984
DB00012,DB08804
DB00012,DB13169
DB00012,DB00309
DB00012,DB00361
DB00012,DB00541
DB00012,DB00570
DB00012,DB05168
DB00012,DB11641
DB00012,DB13374
DB00012,DB00480
DB00012,DB01041
DB00012,DB08910
DB00012,DB00002
DB00012,DB00004
DB00012,DB00007
DB00012,DB00008
DB00012,DB00014
DB00012,DB00023
DB00012,DB00041
DB00012,DB00056
DB00012,DB00059
DB00012,DB00072
DB00012,DB00073
DB00012,DB00081
DB00012,DB00087
DB00012,DB00104
DB00012,DB00105
DB00012,DB00112
DB00012,DB00179
DB00012,DB00188
DB00012,DB00236
DB00012,DB00242
DB00012,DB00248
DB00012,DB00261
DB00012,DB00262
DB00012,DB00269
DB00012,DB00276
DB00012,DB00282
DB00012,DB00290
DB00012,DB00291
DB00012,DB00293
DB00012,DB00305
DB00012,DB00307
DB00012,DB00313
DB00012,DB00317
DB00012,DB00322
DB00012,DB00351
DB00012,DB00352
DB00012,DB00357
DB00012,DB00385
DB00012,DB00398
DB00012,DB00428
DB00012,DB00432
DB00012,DB00441
DB00012,DB00444
DB00012,DB00445
DB00012,DB00488
DB00012,DB00499
DB00012,DB00515
DB00012,DB00523
DB00012,DB00526
DB00012,DB00530
DB00012,DB00539
DB00012,DB00544
DB00012,DB00552
DB00012,DB00563
DB00012,DB00603
DB00012,DB00619
DB00012,DB00631
DB00012,DB00635
DB00012,DB00642
DB00012,DB00648
DB00012,DB00665
DB00012,DB00675
DB00012,DB00694
DB00012,DB00707
DB00012,DB00755
DB00012,DB00762
DB00012,DB00773
DB00012,DB00791
DB00012,DB00851
DB00012,DB00853
DB00012,DB00855
DB00012,DB00860
DB00012,DB00888
DB00012,DB00894
DB00012,DB00928
DB00012,DB00947
DB00012,DB00958
DB00012,DB00959
DB00012,DB00970
DB00012,DB00987
DB00012,DB00990
DB00012,DB00997
DB00012,DB01005
DB00012,DB01006
DB00012,DB01008
DB00012,DB01030
DB00012,DB01033
DB00012,DB01042
DB00012,DB01073
DB00012,DB01101
DB00012,DB01108
DB00012,DB01128
DB00012,DB01157
DB00012,DB01168
DB00012,DB01169
DB00012,DB01177
DB00012,DB01181
DB00012,DB01196
DB00012,DB01204
DB00012,DB01206
DB00012,DB01217
DB00012,DB01229
DB00012,DB01234
DB00012,DB01248
DB00012,DB01254
DB00012,DB01259
DB00012,DB01262
DB00012,DB01268
DB00012,DB01269
DB00012,DB01280
DB00012,DB01590
DB00012,DB01645
DB00012,DB01667
DB00012,DB01873
DB00012,DB01933
DB00012,DB02109
DB00012,DB02342
DB00012,DB02424
DB00012,DB02546
DB00012,DB02640
DB00012,DB03010
DB00012,DB03172
DB00012,DB03459
DB00012,DB03496
DB00012,DB03509
DB00012,DB03523
DB00012,DB03695
DB00012,DB03825
DB00012,DB03880
DB00012,DB03946
DB00012,DB04106
DB00012,DB04222
DB00012,DB04253
DB00012,DB04258
DB00012,DB04331
DB00012,DB04440
DB00012,DB04468
DB00012,DB04572
DB00012,DB04576
DB00012,DB04655
DB00012,DB04690
DB00012,DB04786
DB00012,DB04827
DB00012,DB04839
DB00012,DB04845
DB00012,DB04849
DB00012,DB04858
DB00012,DB04865
DB00012,DB04866
DB00012,DB04868
DB00012,DB04894
DB00012,DB04900
DB00012,DB04901
DB00012,DB04907
DB00012,DB04950
DB00012,DB04951
DB00012,DB04958
DB00012,DB04960
DB00012,DB04961
DB00012,DB04964
DB00012,DB04975
DB00012,DB04977
DB00012,DB04996
DB00012,DB05015
DB00012,DB05022
DB00012,DB05076
DB00012,DB05088
DB00012,DB05097
DB00012,DB05109
DB00012,DB05129
DB00012,DB05136
DB00012,DB05223
DB00012,DB05239
DB00012,DB05260
DB00012,DB05265
DB00012,DB0529